,시도명,관할경찰서명,CCTV설치여부,CCTV설치대수,제공기관명,보호구역도로폭
0,서울특별시,강동경찰서,Y,1.0,서울특별시 강동구,3
1,경상북도,상주경찰서,N,0.0,경상북도 상주시,6
2,경상북도,상주경찰서,N,0.0,경상북도 상주시,6
3,경상북도,상주경찰서,N,0.0,경상북도 상주시,7
4,경상북도,상주경찰서,N,0.0,경상북도 상주시,7
5,경상북도,상주경찰서,N,0.0,경상북도 상주시,6
6,경상북도,상주경찰서,N,0.0,경상북도 상주시,8
7,경상북도,상주경찰서,N,0.0,경상북도 상주시,7
8,경상북도,상주경찰서,N,0.0,경상북도 상주시,9
9,경상북도,상주경찰서,N,0.0,경상북도 상주시,6
10,경상북도,상주경찰서,N,0.0,경상북도 상주시,6
11,경상북도,상주경찰서,N,0.0,경상북도 상주시,7
12,경상북도,상주경찰서,N,0.0,경상북도 상주시,6
13,경상북도,상주경찰서,N,0.0,경상북도 상주시,6
14,경상북도,상주경찰서,N,0.0,경상북도 상주시,7
15,경상북도,상주경찰서,N,0.0,경상북도 상주시,6
16,경상북도,상주경찰서,N,0.0,경상북도 상주시,6
17,경상북도,상주경찰서,N,0.0,경상북도 상주시,7
18,경상북도,상주경찰서,N,0.0,경상북도 상주시,6
19,경상북도,상주경찰서,N,0.0,경상북도 상주시,6
20,경상북도,상주경찰서,N,0.0,경상북도 상주시,7
21,경상북도,상주경찰서,N,0.0,경상북도 상주시,
22,경상북도,상주경찰서,N,0.0,경상북도 상주시,
23,경상북도,상주경찰서,N,0.0,경상북도 상주시,
24,경상북도,상주경찰서,N,0.0,경상북도 상주시,
25,충청남도,부여경찰서,N,0.0,충청남도 부여군,
26,충청남도,부여경찰서,N,0.0,충청남도 부여군,
27,충청남도,부여경찰서,N,0.0,충청남도 부여군,
28,충청남도,부여경찰서,N,0.0,충청남도 부여군,
29,경상북도,상주경찰서,N,0.0,경상북도 상주시,9
30,경상북도,상주경찰서,N,0.0,경상북도 상주시,6
31,경상북도,상주경찰서,N,0.0,경상북도 상주시,7
32,경상북도,상주경찰서,N,0.0,경상북도 상주시,6
33,경상북도,상주경찰서,N,0.0,경상북도 상주시,6
34,경상북도,상주경찰서,N,0.0,경상북도 상주시,8
35,경상북도,상주경찰서,N,0.0,경상북도 상주시,8
36,경상북도,상주경찰서,N,0.0,경상북도 상주시,7
37,경상북도,상주경찰서,N,0.0,경상북도 상주시,8
38,경상북도,상주경찰서,N,0.0,경상북도 상주시,6
39,경상북도,상주경찰서,N,0.0,경상북도 상주시,7
40,경상북도,상주경찰서,N,0.0,경상북도 상주시,7
41,경상북도,상주경찰서,N,0.0,경상북도 상주시,8
42,경상북도,상주경찰서,N,0.0,경상북도 상주시,6
43,경상북도,상주경찰서,N,0.0,경상북도 상주시,6
44,경상북도,상주경찰서,N,0.0,경상북도 상주시,6
45,경상북도,상주경찰서,N,0.0,경상북도 상주시,7
46,경상북도,상주경찰서,N,0.0,경상북도 상주시,7
47,경상북도,상주경찰서,N,0.0,경상북도 상주시,6
48,경상북도,상주경찰서,N,0.0,경상북도 상주시,8
49,경상북도,상주경찰서,N,0.0,경상북도 상주시,7
50,경상북도,상주경찰서,N,0.0,경상북도 상주시,9
51,충청남도,부여경찰서,N,0.0,충청남도 부여군,
52,충청남도,부여경찰서,N,0.0,충청남도 부여군,
53,충청남도,부여경찰서,N,0.0,충청남도 부여군,
54,충청남도,부여경찰서,N,0.0,충청남도 부여군,
55,충청남도,부여경찰서,N,0.0,충청남도 부여군,
56,충청남도,부여경찰서,N,0.0,충청남도 부여군,
57,충청남도,부여경찰서,N,0.0,충청남도 부여군,
58,충청남도,부여경찰서,N,0.0,충청남도 부여군,
59,충청남도,부여경찰서,N,0.0,충청남도 부여군,
60,충청남도,부여경찰서,N,0.0,충청남도 부여군,
61,충청남도,부여경찰서,N,0.0,충청남도 부여군,
62,충청남도,부여경찰서,N,0.0,충청남도 부여군,
63,충청남도,부여경찰서,N,0.0,충청남도 부여군,
64,충청남도,부여경찰서,Y,1.0,충청남도 부여군,
65,충청남도,부여경찰서,N,0.0,충청남도 부여군,
66,충청남도,부여경찰서,N,0.0,충청남도 부여군,
67,충청남도,부여경찰서,Y,1.0,충청남도 부여군,
68,충청남도,부여경찰서,N,0.0,충청남도 부여군,
69,충청남도,부여경찰서,N,0.0,충청남도 부여군,
70,충청남도,부여경찰서,N,0.0,충청남도 부여군,
71,충청남도,부여경찰서,N,0.0,충청남도 부여군,
72,충청남도,부여경찰서,N,0.0,충청남도 부여군,
73,충청남도,부여경찰서,N,0.0,충청남도 부여군,
74,충청남도,부여경찰서,N,0.0,충청남도 부여군,
75,충청남도,부여경찰서,N,0.0,충청남도 부여군,
76,충청남도,부여경찰서,N,0.0,충청남도 부여군,
77,강원도,철원경찰서,N,0.0,강원도 철원군,6
78,강원도,철원경찰서,N,0.0,강원도 철원군,6
79,강원도,철원경찰서,N,0.0,강원도 철원군,6
80,강원도,철원경찰서,N,0.0,강원도 철원군,6
81,강원도,철원경찰서,N,0.0,강원도 철원군,6
82,강원도,철원경찰서,Y,1.0,강원도 철원군,6
83,강원도,철원경찰서,N,0.0,강원도 철원군,6
84,강원도,철원경찰서,N,0.0,강원도 철원군,6
85,강원도,철원경찰서,N,0.0,강원도 철원군,6
86,경기도,이천경찰서,N,0.0,경기도 이천시,7.5
87,경기도,이천경찰서,N,0.0,경기도 이천시,7
88,경기도,이천경찰서,N,0.0,경기도 이천시,6.5
89,경기도,이천경찰서,N,0.0,경기도 이천시,15
90,경기도,이천경찰서,Y,1.0,경기도 이천시,8
91,경기도,이천경찰서,N,0.0,경기도 이천시,6.5
92,경기도,이천경찰서,N,0.0,경기도 이천시,6.5
93,경기도,이천경찰서,Y,2.0,경기도 이천시,7.5
94,경기도,이천경찰서,N,0.0,경기도 이천시,7
95,경기도,이천경찰서,N,0.0,경기도 이천시,9
96,경기도,광명경찰서,N,0.0,경기도 광명시,
97,경기도,광명경찰서,N,0.0,경기도 광명시,
98,전라북도,장수경찰서,N,0.0,전라북도 장수군,7
99,대전광역시,대전광역시 대덕경찰서,Y,2.0,대전광역시 대덕구,6
100,대전광역시,대전광역시 대덕경찰서,Y,4.0,대전광역시 대덕구,11
101,대전광역시,대전광역시 대덕경찰서,Y,2.0,대전광역시 대덕구,8
102,경상남도,남해군경찰서,Y,1.0,경상남도 남해군,6
103,충청남도,부여경찰서,N,0.0,충청남도 부여군,
104,충청남도,부여경찰서,N,0.0,충청남도 부여군,
105,충청남도,부여경찰서,N,0.0,충청남도 부여군,
106,충청남도,부여경찰서,Y,1.0,충청남도 부여군,
107,충청남도,부여경찰서,N,0.0,충청남도 부여군,
108,충청남도,부여경찰서,N,0.0,충청남도 부여군,
109,충청남도,부여경찰서,N,0.0,충청남도 부여군,
110,충청남도,부여경찰서,N,0.0,충청남도 부여군,
111,충청남도,부여경찰서,N,0.0,충청남도 부여군,
112,충청남도,부여경찰서,N,0.0,충청남도 부여군,
113,충청남도,부여경찰서,N,0.0,충청남도 부여군,
114,충청남도,부여경찰서,N,0.0,충청남도 부여군,
115,충청남도,부여경찰서,N,0.0,충청남도 부여군,
116,충청남도,부여경찰서,N,0.0,충청남도 부여군,
117,충청남도,부여경찰서,N,0.0,충청남도 부여군,
118,충청남도,부여경찰서,N,0.0,충청남도 부여군,
119,충청남도,부여경찰서,N,0.0,충청남도 부여군,
120,충청남도,부여경찰서,N,0.0,충청남도 부여군,
121,충청남도,부여경찰서,N,0.0,충청남도 부여군,
122,충청남도,부여경찰서,N,0.0,충청남도 부여군,
123,충청남도,부여경찰서,Y,1.0,충청남도 부여군,
124,충청남도,부여경찰서,N,0.0,충청남도 부여군,
125,충청남도,부여경찰서,N,0.0,충청남도 부여군,
126,충청남도,부여경찰서,N,0.0,충청남도 부여군,
127,충청남도,부여경찰서,Y,1.0,충청남도 부여군,
128,충청남도,부여경찰서,N,0.0,충청남도 부여군,
129,충청남도,서산경찰서,N,0.0,충청남도 서산시,
130,충청남도,서산경찰서,N,0.0,충청남도 서산시,
131,충청남도,서산경찰서,N,0.0,충청남도 서산시,
132,충청남도,서산경찰서,N,0.0,충청남도 서산시,
133,충청남도,서산경찰서,N,0.0,충청남도 서산시,
134,충청남도,서산경찰서,N,0.0,충청남도 서산시,
135,충청남도,서산경찰서,N,0.0,충청남도 서산시,
136,충청남도,서산경찰서,N,0.0,충청남도 서산시,
137,충청남도,서산경찰서,N,0.0,충청남도 서산시,
138,충청남도,서산경찰서,N,0.0,충청남도 서산시,
139,충청남도,서산경찰서,N,0.0,충청남도 서산시,
140,충청남도,서산경찰서,N,0.0,충청남도 서산시,
141,충청남도,서산경찰서,N,0.0,충청남도 서산시,
142,충청남도,서산경찰서,N,0.0,충청남도 서산시,
143,충청남도,서산경찰서,N,0.0,충청남도 서산시,
144,충청남도,서산경찰서,N,0.0,충청남도 서산시,
145,충청남도,서산경찰서,N,0.0,충청남도 서산시,
146,충청남도,서산경찰서,N,0.0,충청남도 서산시,
147,충청남도,서산경찰서,N,0.0,충청남도 서산시,
148,충청남도,서산경찰서,N,0.0,충청남도 서산시,
149,충청남도,서산경찰서,N,0.0,충청남도 서산시,
150,충청남도,서산경찰서,N,0.0,충청남도 서산시,
151,충청남도,부여경찰서,Y,1.0,충청남도 부여군,
152,충청남도,서산경찰서,N,0.0,충청남도 서산시,
153,충청남도,서산경찰서,N,0.0,충청남도 서산시,
154,충청남도,서산경찰서,N,0.0,충청남도 서산시,
155,충청남도,서산경찰서,N,0.0,충청남도 서산시,
156,충청남도,서산경찰서,N,0.0,충청남도 서산시,
157,충청남도,서산경찰서,N,0.0,충청남도 서산시,
158,충청남도,서산경찰서,N,0.0,충청남도 서산시,
159,충청남도,서산경찰서,N,0.0,충청남도 서산시,
160,충청남도,서산경찰서,N,0.0,충청남도 서산시,
161,충청남도,서산경찰서,N,0.0,충청남도 서산시,
162,충청남도,서산경찰서,N,0.0,충청남도 서산시,
163,충청남도,서산경찰서,N,0.0,충청남도 서산시,
164,충청남도,서산경찰서,N,0.0,충청남도 서산시,
165,충청남도,서산경찰서,N,0.0,충청남도 서산시,
166,충청남도,서산경찰서,N,0.0,충청남도 서산시,
167,충청남도,서산경찰서,N,0.0,충청남도 서산시,
168,충청남도,서산경찰서,N,0.0,충청남도 서산시,
169,충청남도,서산경찰서,N,0.0,충청남도 서산시,
170,충청남도,서산경찰서,N,0.0,충청남도 서산시,
171,충청남도,서산경찰서,N,0.0,충청남도 서산시,
172,충청남도,서산경찰서,N,0.0,충청남도 서산시,
173,인천광역시,계양경찰서,N,0.0,인천광역시 계양구,
174,인천광역시,계양경찰서,Y,1.0,인천광역시 계양구,
175,인천광역시,계양경찰서,Y,1.0,인천광역시 계양구,
176,인천광역시,계양경찰서,Y,1.0,인천광역시 계양구,
177,인천광역시,계양경찰서,N,0.0,인천광역시 계양구,
178,인천광역시,계양경찰서,Y,1.0,인천광역시 계양구,
179,인천광역시,계양경찰서,Y,1.0,인천광역시 계양구,
180,인천광역시,계양경찰서,N,0.0,인천광역시 계양구,
181,인천광역시,계양경찰서,Y,1.0,인천광역시 계양구,
182,인천광역시,계양경찰서,Y,1.0,인천광역시 계양구,
183,인천광역시,계양경찰서,Y,1.0,인천광역시 계양구,
184,인천광역시,계양경찰서,Y,1.0,인천광역시 계양구,
185,인천광역시,계양경찰서,Y,1.0,인천광역시 계양구,
186,인천광역시,계양경찰서,N,0.0,인천광역시 계양구,
187,인천광역시,계양경찰서,Y,1.0,인천광역시 계양구,
188,인천광역시,계양경찰서,Y,1.0,인천광역시 계양구,
189,인천광역시,계양경찰서,Y,1.0,인천광역시 계양구,
190,인천광역시,계양경찰서,Y,1.0,인천광역시 계양구,
191,인천광역시,계양경찰서,Y,1.0,인천광역시 계양구,
192,인천광역시,계양경찰서,Y,1.0,인천광역시 계양구,
193,인천광역시,계양경찰서,Y,1.0,인천광역시 계양구,
194,경기도,광주경찰서,N,0.0,경기도 광주시,4
195,경기도,광주경찰서,Y,1.0,경기도 광주시,20
196,경기도,광주경찰서,N,0.0,경기도 광주시,6
197,경기도,광주경찰서,N,0.0,경기도 광주시,7
198,경기도,광주경찰서,N,0.0,경기도 광주시,12
199,경기도,광주경찰서,Y,2.0,경기도 광주시,7
200,경기도,광주경찰서,N,0.0,경기도 광주시,13
201,경기도,중원경찰서,N,0.0,경기도 성남시,20
202,경기도,중원경찰서,N,0.0,경기도 성남시,20
203,경기도,중원경찰서,N,0.0,경기도 성남시,6
204,경기도,분당경찰서,N,0.0,경기도 성남시,28
205,경기도,분당경찰서,N,0.0,경기도 성남시,20~34
206,경기도,분당경찰서,N,0.0,경기도 성남시,10
207,경기도,중원경찰서,N,0.0,경기도 성남시,8
208,경기도,중원경찰서,N,0.0,경기도 성남시,6
209,경기도,수정경찰서,N,0.0,경기도 성남시,6
210,경기도,수정경찰서,N,0.0,경기도 성남시,6
211,경기도,중원경찰서,N,0.0,경기도 성남시,6
212,경기도,분당경찰서,N,0.0,경기도 성남시,6
213,경기도,분당경찰서,N,0.0,경기도 성남시,15~20
214,경상북도,경주경찰서,N,0.0,경상북도 경주시,
215,경상북도,경주경찰서,N,0.0,경상북도 경주시,
216,경상북도,경주경찰서,N,0.0,경상북도 경주시,
217,경상북도,경주경찰서,N,0.0,경상북도 경주시,
218,경상북도,경주경찰서,N,0.0,경상북도 경주시,
219,경상북도,경주경찰서,N,0.0,경상북도 경주시,
220,경상북도,경주경찰서,N,0.0,경상북도 경주시,
221,경상북도,경주경찰서,N,0.0,경상북도 경주시,
222,인천광역시,계양경찰서,Y,1.0,인천광역시 계양구,
223,인천광역시,계양경찰서,Y,1.0,인천광역시 계양구,
224,인천광역시,계양경찰서,N,0.0,인천광역시 계양구,
225,울산광역시,동부경찰서,N,0.0,울산광역시 동구,24
226,서울특별시,서대문경찰서,Y,2.0,서울특별시 서대문구,11
227,서울특별시,서대문경찰서,N,0.0,서울특별시 서대문구,25
228,서울특별시,서대문경찰서,Y,1.0,서울특별시 서대문구,25
229,서울특별시,서대문경찰서,Y,1.0,서울특별시 서대문구,5
230,서울특별시,서대문경찰서,Y,2.0,서울특별시 서대문구,5
231,서울특별시,서대문경찰서,Y,1.0,서울특별시 서대문구,5
232,부산광역시,영도경찰서,N,0.0,부산광역시 영도구,4
233,부산광역시,영도경찰서,N,0.0,부산광역시 영도구,6
234,부산광역시,영도경찰서,N,0.0,부산광역시 영도구,12
235,부산광역시,영도경찰서,N,0.0,부산광역시 영도구,7
236,부산광역시,영도경찰서,N,0.0,부산광역시 영도구,7
237,부산광역시,부산진경찰서,Y,1.0,부산광역시 부산진구,
238,부산광역시,부산진경찰서,N,0.0,부산광역시 부산진구,
239,부산광역시,부산진경찰서,Y,1.0,부산광역시 부산진구,
240,부산광역시,부산진경찰서,Y,1.0,부산광역시 부산진구,
241,부산광역시,부산진경찰서,N,0.0,부산광역시 부산진구,
242,부산광역시,부산진경찰서,Y,1.0,부산광역시 부산진구,
243,부산광역시,부산진경찰서,N,0.0,부산광역시 부산진구,
244,부산광역시,부산진경찰서,Y,1.0,부산광역시 부산진구,
245,경기도,수정경찰서,N,0.0,경기도 성남시,6
246,경기도,수정경찰서,N,0.0,경기도 성남시,8
247,경기도,수정경찰서,Y,1.0,경기도 성남시,14
248,경기도,수정경찰서,Y,1.0,경기도 성남시,20
249,경기도,중원경찰서,N,0.0,경기도 성남시,20
250,울산광역시,동부경찰서,N,0.0,울산광역시 동구,15
251,울산광역시,동부경찰서,N,0.0,울산광역시 동구,15
252,울산광역시,동부경찰서,N,0.0,울산광역시 동구,15
253,울산광역시,동부경찰서,N,0.0,울산광역시 동구,8
254,울산광역시,동부경찰서,N,0.0,울산광역시 동구,8
255,울산광역시,동부경찰서,N,0.0,울산광역시 동구,8
256,울산광역시,동부경찰서,N,0.0,울산광역시 동구,15
257,울산광역시,동부경찰서,N,0.0,울산광역시 동구,8
258,울산광역시,동부경찰서,N,0.0,울산광역시 동구,25
259,울산광역시,동부경찰서,N,0.0,울산광역시 동구,8
260,경상남도,함안경찰서,Y,1.0,경상남도 함안군,6
261,경상북도,안동경찰서,N,0.0,경상북도 안동시,6
262,경상북도,안동경찰서,N,0.0,경상북도 안동시,6
263,경상북도,안동경찰서,N,0.0,경상북도 안동시,6
264,경상북도,안동경찰서,N,0.0,경상북도 안동시,6
265,경상북도,안동경찰서,N,0.0,경상북도 안동시,6
266,경상북도,안동경찰서,Y,2.0,경상북도 안동시,6
267,경상북도,안동경찰서,N,0.0,경상북도 안동시,6
268,경상북도,안동경찰서,N,0.0,경상북도 안동시,6
269,경상북도,안동경찰서,Y,2.0,경상북도 안동시,6
270,경상북도,안동경찰서,N,0.0,경상북도 안동시,6
271,경상북도,안동경찰서,N,0.0,경상북도 안동시,6
272,경상북도,안동경찰서,N,0.0,경상북도 안동시,6
273,경상북도,안동경찰서,Y,2.0,경상북도 안동시,6
274,경상북도,안동경찰서,N,0.0,경상북도 안동시,6
275,경상북도,안동경찰서,N,0.0,경상북도 안동시,6
276,경상북도,안동경찰서,N,0.0,경상북도 안동시,6
277,경상북도,안동경찰서,N,0.0,경상북도 안동시,6
278,경상북도,안동경찰서,N,0.0,경상북도 안동시,6
279,경기도,시흥경찰서,N,0.0,경기도 시흥시,20
280,경기도,시흥경찰서,N,0.0,경기도 시흥시,6
281,경기도,시흥경찰서,N,0.0,경기도 시흥시,6
282,경기도,시흥경찰서,N,0.0,경기도 시흥시,4
283,경기도,시흥경찰서,N,0.0,경기도 시흥시,4
284,경기도,시흥경찰서,N,0.0,경기도 시흥시,6
285,경기도,시흥경찰서,N,0.0,경기도 시흥시,6
286,경기도,시흥경찰서,N,0.0,경기도 시흥시,6
287,경기도,시흥경찰서,N,0.0,경기도 시흥시,6
288,경기도,시흥경찰서,N,0.0,경기도 시흥시,6
289,경기도,시흥경찰서,N,0.0,경기도 시흥시,10
290,경기도,시흥경찰서,N,0.0,경기도 시흥시,6
291,경상남도,합천경찰서,Y,2.0,경상남도 합천군,6
292,경상남도,합천경찰서,N,0.0,경상남도 합천군,6
293,경상남도,합천경찰서,Y,2.0,경상남도 합천군,6
294,경상남도,합천경찰서,Y,1.0,경상남도 합천군,6
295,경상남도,합천경찰서,N,0.0,경상남도 합천군,6
296,경상남도,합천경찰서,N,0.0,경상남도 합천군,6
297,인천광역시,연수경찰서,Y,2.0,인천광역시 연수구,6~12
298,인천광역시,연수경찰서,Y,2.0,인천광역시 연수구,16
299,인천광역시,연수경찰서,Y,3.0,인천광역시 연수구,6
300,인천광역시,연수경찰서,Y,3.0,인천광역시 연수구,6
301,인천광역시,연수경찰서,Y,3.0,인천광역시 연수구,8
302,인천광역시,연수경찰서,Y,5.0,인천광역시 연수구,6
303,인천광역시,연수경찰서,Y,2.0,인천광역시 연수구,6
304,인천광역시,연수경찰서,Y,4.0,인천광역시 연수구,7
305,인천광역시,연수경찰서,N,0.0,인천광역시 연수구,17~22
306,인천광역시,연수경찰서,N,0.0,인천광역시 연수구,5
307,인천광역시,연수경찰서,N,0.0,인천광역시 연수구,5
308,인천광역시,연수경찰서,N,0.0,인천광역시 연수구,4.5~5
309,인천광역시,연수경찰서,N,0.0,인천광역시 연수구,6
310,인천광역시,연수경찰서,N,0.0,인천광역시 연수구,4.5
311,인천광역시,연수경찰서,N,0.0,인천광역시 연수구,6~12
312,인천광역시,연수경찰서,N,0.0,인천광역시 연수구,6
313,인천광역시,연수경찰서,N,0.0,인천광역시 연수구,9
314,대전광역시,대전유성경찰서,Y,1.0,대전광역시 유성구,
315,대전광역시,대전유성경찰서,Y,1.0,대전광역시 유성구,
316,대전광역시,대전유성경찰서,Y,1.0,대전광역시 유성구,
317,대전광역시,대전유성경찰서,Y,1.0,대전광역시 유성구,
318,대전광역시,대전유성경찰서,Y,1.0,대전광역시 유성구,
319,대전광역시,대전유성경찰서,Y,1.0,대전광역시 유성구,
320,대전광역시,대전유성경찰서,Y,1.0,대전광역시 유성구,
321,대전광역시,대전유성경찰서,Y,1.0,대전광역시 유성구,
322,대전광역시,대전유성경찰서,Y,1.0,대전광역시 유성구,
323,대구광역시,달서경찰서,Y,1.0,대구광역시 달서구,20~23
324,대구광역시,달서경찰서,Y,2.0,대구광역시 달서구,6~8
325,대구광역시,성서경찰서,N,0.0,대구광역시 달서구,33
326,대구광역시,성서경찰서,N,0.0,대구광역시 달서구,30
327,대구광역시,달서경찰서,Y,0.0,대구광역시 달서구,20
328,충청북도,제천경찰서,N,0.0,충청북도 제천시,
329,충청북도,제천경찰서,N,0.0,충청북도 제천시,
330,충청북도,제천경찰서,N,0.0,충청북도 제천시,
331,충청북도,제천경찰서,N,0.0,충청북도 제천시,
332,충청북도,제천경찰서,N,0.0,충청북도 제천시,
333,충청북도,제천경찰서,N,0.0,충청북도 제천시,
334,충청북도,제천경찰서,N,0.0,충청북도 제천시,
335,충청북도,제천경찰서,N,0.0,충청북도 제천시,
336,충청북도,제천경찰서,N,0.0,충청북도 제천시,
337,충청북도,제천경찰서,N,0.0,충청북도 제천시,
338,충청북도,제천경찰서,N,0.0,충청북도 제천시,
339,충청북도,제천경찰서,N,0.0,충청북도 제천시,
340,대전광역시,대전광역시 동부경찰서,N,0.0,대전광역시 동구,
341,대전광역시,대전광역시 동부경찰서,N,0.0,대전광역시 동구,
342,대전광역시,대전광역시 동부경찰서,N,0.0,대전광역시 동구,
343,대전광역시,대전광역시 동부경찰서,N,0.0,대전광역시 동구,
344,대전광역시,대전광역시 동부경찰서,N,0.0,대전광역시 동구,
345,대전광역시,대전광역시 동부경찰서,N,0.0,대전광역시 동구,
346,대전광역시,대전광역시 동부경찰서,N,0.0,대전광역시 동구,
347,대전광역시,대전광역시 동부경찰서,N,0.0,대전광역시 동구,
348,대전광역시,대전광역시 동부경찰서,N,0.0,대전광역시 동구,
349,대전광역시,대전광역시 동부경찰서,N,0.0,대전광역시 동구,
350,대전광역시,대전광역시 동부경찰서,N,0.0,대전광역시 동구,
351,대전광역시,대전광역시 동부경찰서,N,0.0,대전광역시 동구,
352,대전광역시,대전광역시 동부경찰서,N,0.0,대전광역시 동구,
353,대전광역시,대전광역시 동부경찰서,N,0.0,대전광역시 동구,
354,대전광역시,대전광역시 동부경찰서,N,0.0,대전광역시 동구,
355,대전광역시,대전광역시 동부경찰서,N,0.0,대전광역시 동구,
356,대전광역시,대전광역시 동부경찰서,N,0.0,대전광역시 동구,
357,대전광역시,대전광역시 동부경찰서,N,0.0,대전광역시 동구,
358,대전광역시,대전광역시 동부경찰서,N,0.0,대전광역시 동구,
359,대전광역시,대전광역시 동부경찰서,N,0.0,대전광역시 동구,
360,대전광역시,대전광역시 동부경찰서,N,0.0,대전광역시 동구,
361,대전광역시,대전광역시 동부경찰서,N,0.0,대전광역시 동구,
362,대전광역시,대전광역시 동부경찰서,N,0.0,대전광역시 동구,
363,대전광역시,대전광역시 동부경찰서,N,0.0,대전광역시 동구,
364,대전광역시,대전광역시 동부경찰서,N,0.0,대전광역시 동구,
365,대전광역시,대전광역시 동부경찰서,N,0.0,대전광역시 동구,
366,전라북도,익산경찰서,Y,1.0,전라북도 익산시,
367,서울특별시,광진경찰서,Y,1.0,서울특별시 광진구,
368,서울특별시,광진경찰서,Y,1.0,서울특별시 광진구,
369,서울특별시,광진경찰서,Y,1.0,서울특별시 광진구,
370,서울특별시,광진경찰서,Y,1.0,서울특별시 광진구,
371,서울특별시,광진경찰서,Y,1.0,서울특별시 광진구,
372,경상북도,상주경찰서,N,0.0,경상북도 상주시,
373,경상북도,상주경찰서,N,0.0,경상북도 상주시,
374,경상북도,상주경찰서,N,0.0,경상북도 상주시,
375,경상북도,상주경찰서,N,0.0,경상북도 상주시,
376,경상북도,상주경찰서,N,0.0,경상북도 상주시,
377,경상북도,상주경찰서,N,0.0,경상북도 상주시,
378,경상북도,상주경찰서,N,0.0,경상북도 상주시,
379,경상북도,상주경찰서,N,0.0,경상북도 상주시,
380,경상북도,상주경찰서,N,0.0,경상북도 상주시,
381,경상북도,상주경찰서,N,0.0,경상북도 상주시,
382,경상북도,상주경찰서,N,0.0,경상북도 상주시,
383,경상북도,상주경찰서,N,0.0,경상북도 상주시,
384,경상북도,상주경찰서,N,0.0,경상북도 상주시,
385,경상북도,상주경찰서,N,0.0,경상북도 상주시,
386,경상북도,상주경찰서,N,0.0,경상북도 상주시,
387,경상북도,상주경찰서,N,0.0,경상북도 상주시,
388,경상북도,상주경찰서,N,0.0,경상북도 상주시,
389,경상북도,상주경찰서,N,0.0,경상북도 상주시,
390,경상북도,상주경찰서,N,0.0,경상북도 상주시,
391,경상북도,상주경찰서,N,0.0,경상북도 상주시,
392,경기도,연천경찰서,N,0.0,경기도 연천군,16
393,경기도,연천경찰서,N,0.0,경기도 연천군,8
394,경기도,연천경찰서,N,0.0,경기도 연천군,8
395,경기도,화성서부경찰서,N,0.0,경기도 화성시,
396,경기도,화성서부경찰서,N,0.0,경기도 화성시,
397,경기도,화성서부경찰서,N,0.0,경기도 화성시,
398,경기도,화성서부경찰서,N,0.0,경기도 화성시,
399,경기도,화성서부경찰서,N,0.0,경기도 화성시,
400,경기도,화성서부경찰서,N,0.0,경기도 화성시,
401,경기도,화성서부경찰서,N,0.0,경기도 화성시,
402,경기도,화성서부경찰서,N,0.0,경기도 화성시,
403,경기도,화성서부경찰서,N,0.0,경기도 화성시,
404,경기도,화성서부경찰서,N,0.0,경기도 화성시,
405,경기도,화성서부경찰서,N,0.0,경기도 화성시,
406,경기도,화성서부경찰서,N,0.0,경기도 화성시,
407,경기도,화성서부경찰서,N,0.0,경기도 화성시,
408,경기도,화성서부경찰서,N,0.0,경기도 화성시,
409,경기도,연천경찰서,N,0.0,경기도 연천군,12~13
410,경기도,연천경찰서,N,0.0,경기도 연천군,10~12
411,경기도,연천경찰서,N,0.0,경기도 연천군,10~12
412,경기도,연천경찰서,N,0.0,경기도 연천군,12~13
413,경기도,연천경찰서,N,0.0,경기도 연천군,12~13
414,경기도,연천경찰서,N,0.0,경기도 연천군,12~13
415,경기도,연천경찰서,N,0.0,경기도 연천군,12~13
416,경기도,연천경찰서,N,0.0,경기도 연천군,8~9
417,경기도,연천경찰서,N,0.0,경기도 연천군,9~10
418,경기도,연천경찰서,N,0.0,경기도 연천군,4~30
419,경기도,연천경찰서,N,0.0,경기도 연천군,7
420,경기도,연천경찰서,N,0.0,경기도 연천군,7~12
421,경기도,화성서부경찰서,N,0.0,경기도 화성시,
422,경기도,화성서부경찰서,N,0.0,경기도 화성시,
423,경기도,화성서부경찰서,N,0.0,경기도 화성시,
424,경기도,화성서부경찰서,N,0.0,경기도 화성시,
425,경기도,화성서부경찰서,N,0.0,경기도 화성시,
426,경기도,화성서부경찰서,N,0.0,경기도 화성시,
427,경기도,화성서부경찰서,N,0.0,경기도 화성시,
428,경기도,화성서부경찰서,N,0.0,경기도 화성시,
429,경기도,화성서부경찰서,N,0.0,경기도 화성시,
430,경기도,화성서부경찰서,N,0.0,경기도 화성시,
431,경기도,화성서부경찰서,N,0.0,경기도 화성시,
432,경기도,화성서부경찰서,Y,1.0,경기도 화성시,
433,경기도,화성서부경찰서,Y,1.0,경기도 화성시,
434,경기도,화성서부경찰서,N,0.0,경기도 화성시,
435,경기도,화성서부경찰서,N,0.0,경기도 화성시,
436,경기도,화성서부경찰서,N,0.0,경기도 화성시,
437,경기도,화성서부경찰서,N,0.0,경기도 화성시,
438,경기도,화성동탄경찰서,N,0.0,경기도 화성시,
439,경기도,화성동탄경찰서,N,0.0,경기도 화성시,
440,경기도,화성동탄경찰서,N,0.0,경기도 화성시,
441,경기도,화성동탄경찰서,N,0.0,경기도 화성시,
442,경기도,화성동탄경찰서,N,0.0,경기도 화성시,
443,경기도,화성서부경찰서,N,0.0,경기도 화성시,
444,경기도,화성서부경찰서,N,0.0,경기도 화성시,
445,경기도,화성서부경찰서,N,0.0,경기도 화성시,
446,경기도,화성서부경찰서,N,0.0,경기도 화성시,
447,울산광역시,울주경찰서,N,0.0,울산광역시 울주군,
448,울산광역시,울주경찰서,N,0.0,울산광역시 울주군,
449,울산광역시,울주경찰서,N,0.0,울산광역시 울주군,
450,울산광역시,울주경찰서,N,0.0,울산광역시 울주군,
451,울산광역시,울주경찰서,N,0.0,울산광역시 울주군,
452,울산광역시,울주경찰서,N,0.0,울산광역시 울주군,
453,울산광역시,울주경찰서,N,0.0,울산광역시 울주군,
454,울산광역시,울주경찰서,N,0.0,울산광역시 울주군,
455,울산광역시,울주경찰서,N,0.0,울산광역시 울주군,
456,울산광역시,울주경찰서,N,0.0,울산광역시 울주군,
457,울산광역시,울주경찰서,N,0.0,울산광역시 울주군,
458,울산광역시,울주경찰서,N,0.0,울산광역시 울주군,
459,울산광역시,울주경찰서,N,0.0,울산광역시 울주군,
460,경기도,화성서부경찰서,N,0.0,경기도 화성시,
461,경기도,화성동탄경찰서,N,0.0,경기도 화성시,
462,경기도,화성서부경찰서,N,0.0,경기도 화성시,
463,경기도,화성서부경찰서,N,0.0,경기도 화성시,
464,경기도,화성서부경찰서,N,0.0,경기도 화성시,
465,경기도,화성서부경찰서,N,0.0,경기도 화성시,
466,경기도,화성서부경찰서,N,0.0,경기도 화성시,
467,경기도,화성서부경찰서,N,0.0,경기도 화성시,
468,경기도,화성서부경찰서,N,0.0,경기도 화성시,
469,경기도,화성서부경찰서,N,0.0,경기도 화성시,
470,경기도,화성서부경찰서,N,0.0,경기도 화성시,
471,경기도,화성서부경찰서,N,0.0,경기도 화성시,
472,경기도,화성서부경찰서,N,0.0,경기도 화성시,
473,경기도,화성서부경찰서,N,0.0,경기도 화성시,
474,대전광역시,대전광역시 중부경찰서,N,0.0,대전광역시 중구,35
475,대전광역시,대전광역시 중부경찰서,N,0.0,대전광역시 중구,10
476,대전광역시,대전광역시 중부경찰서,N,0.0,대전광역시 중구,8
477,서울특별시,노원경찰서,N,0.0,서울특별시 노원구,9.6~14.6
478,서울특별시,노원경찰서,Y,1.0,서울특별시 노원구,14~25
479,서울특별시,노원경찰서,N,0.0,서울특별시 노원구,12~20
480,서울특별시,노원경찰서,N,0.0,서울특별시 노원구,9
481,서울특별시,노원경찰서,N,0.0,서울특별시 노원구,21
482,서울특별시,노원경찰서,N,0.0,서울특별시 노원구,7
483,경상북도,안동경찰서,N,0.0,경상북도 안동시,5
484,경상북도,안동경찰서,N,0.0,경상북도 안동시,6
485,경상북도,안동경찰서,N,0.0,경상북도 안동시,6
486,경상북도,안동경찰서,N,0.0,경상북도 안동시,6
487,경상북도,안동경찰서,N,0.0,경상북도 안동시,6
488,경상북도,안동경찰서,N,0.0,경상북도 안동시,6
489,경상북도,안동경찰서,N,0.0,경상북도 안동시,6
490,경상북도,안동경찰서,N,0.0,경상북도 안동시,6
491,경상북도,안동경찰서,N,0.0,경상북도 안동시,6
492,경상북도,안동경찰서,N,0.0,경상북도 안동시,6
493,경상북도,안동경찰서,N,0.0,경상북도 안동시,6
494,경상북도,안동경찰서,N,0.0,경상북도 안동시,6
495,경상북도,안동경찰서,N,0.0,경상북도 안동시,6
496,경상북도,안동경찰서,Y,4.0,경상북도 안동시,6
497,경상북도,안동경찰서,Y,2.0,경상북도 안동시,6
498,경상북도,안동경찰서,Y,3.0,경상북도 안동시,6
499,경상북도,안동경찰서,N,0.0,경상북도 안동시,6
500,충청남도,보령경찰서,Y,1.0,충청남도 보령시,8
501,경기도,파주경찰서,N,0.0,경기도 파주시,10
502,경기도,파주경찰서,Y,1.0,경기도 파주시,5~20
503,경기도,파주경찰서,N,0.0,경기도 파주시,10
504,경기도,파주경찰서,N,0.0,경기도 파주시,10
505,경기도,파주경찰서,N,0.0,경기도 파주시,6
506,경기도,파주경찰서,N,0.0,경기도 파주시,8
507,경기도,파주경찰서,N,0.0,경기도 파주시,8
508,경기도,파주경찰서,Y,1.0,경기도 파주시,1
509,경기도,파주경찰서,N,0.0,경기도 파주시,
510,경기도,파주경찰서,N,0.0,경기도 파주시,
511,경기도,파주경찰서,N,0.0,경기도 파주시,
512,경기도,오산경찰서,N,0.0,경기도 오산시,5
513,경기도,오산경찰서,N,0.0,경기도 오산시,6~14
514,경기도,오산경찰서,N,0.0,경기도 오산시,9
515,강원도,동해경찰서,Y,1.0,강원도 동해시,6
516,강원도,동해경찰서,Y,1.0,강원도 동해시,5~7
517,강원도,동해경찰서,N,0.0,강원도 동해시,7
518,경기도,군포경찰서,N,0.0,경기도 군포시,14
519,경기도,군포경찰서,N,0.0,경기도 군포시,21
520,경기도,군포경찰서,Y,1.0,경기도 군포시,7
521,경기도,군포경찰서,N,0.0,경기도 군포시,12
522,부산광역시,부산중부경찰서,N,0.0,부산광역시 중구,
523,부산광역시,부산중부경찰서,N,0.0,부산광역시 중구,
524,울산광역시,울주경찰서,N,0.0,울산광역시 울주군,
525,울산광역시,울주경찰서,N,0.0,울산광역시 울주군,
526,경기도,파주경찰서,N,0.0,경기도 파주시,10
527,경기도,파주경찰서,N,0.0,경기도 파주시,10
528,경기도,파주경찰서,N,0.0,경기도 파주시,10
529,경기도,파주경찰서,N,0.0,경기도 파주시,8
530,경기도,파주경찰서,N,0.0,경기도 파주시,8
531,경기도,파주경찰서,Y,1.0,경기도 파주시,10
532,경기도,파주경찰서,N,0.0,경기도 파주시,8
533,경기도,파주경찰서,N,0.0,경기도 파주시,8
534,경기도,파주경찰서,N,0.0,경기도 파주시,8
535,경기도,파주경찰서,N,0.0,경기도 파주시,8
536,경기도,파주경찰서,N,0.0,경기도 파주시,8
537,경기도,파주경찰서,N,0.0,경기도 파주시,6
538,경기도,파주경찰서,N,0.0,경기도 파주시,5~6
539,경기도,파주경찰서,N,0.0,경기도 파주시,6
540,경기도,파주경찰서,N,0.0,경기도 파주시,5
541,경기도,파주경찰서,N,0.0,경기도 파주시,10
542,경기도,파주경찰서,N,0.0,경기도 파주시,4
543,경기도,파주경찰서,N,0.0,경기도 파주시,8
544,경기도,파주경찰서,N,0.0,경기도 파주시,7
545,경기도,파주경찰서,N,0.0,경기도 파주시,10
546,경기도,파주경찰서,N,0.0,경기도 파주시,10
547,경기도,파주경찰서,N,0.0,경기도 파주시,8
548,경기도,파주경찰서,N,0.0,경기도 파주시,8
549,경기도,파주경찰서,N,0.0,경기도 파주시,5~7
550,경기도,파주경찰서,N,0.0,경기도 파주시,7
551,경기도,파주경찰서,N,0.0,경기도 파주시,10
552,경기도,파주경찰서,N,0.0,경기도 파주시,10
553,강원도,홍천경찰서,N,0.0,강원도 홍천군,7~11
554,강원도,홍천경찰서,N,0.0,강원도 홍천군,7~11
555,강원도,홍천경찰서,N,0.0,강원도 홍천군,7~11
556,강원도,홍천경찰서,N,0.0,강원도 홍천군,7~11
557,강원도,홍천경찰서,N,0.0,강원도 홍천군,7~11
558,강원도,홍천경찰서,N,0.0,강원도 홍천군,7~11
559,강원도,홍천경찰서,N,0.0,강원도 홍천군,7~11
560,강원도,홍천경찰서,N,0.0,강원도 홍천군,7~11
561,강원도,홍천경찰서,N,0.0,강원도 홍천군,7~11
562,강원도,홍천경찰서,N,0.0,강원도 홍천군,7~11
563,강원도,홍천경찰서,N,0.0,강원도 홍천군,7~11
564,강원도,홍천경찰서,N,0.0,강원도 홍천군,7~11
565,경기도,파주경찰서,N,0.0,경기도 파주시,24
566,경기도,파주경찰서,N,0.0,경기도 파주시,8
567,경기도,파주경찰서,N,0.0,경기도 파주시,8~20
568,경기도,파주경찰서,N,0.0,경기도 파주시,8
569,경기도,파주경찰서,N,0.0,경기도 파주시,8
570,경기도,파주경찰서,N,0.0,경기도 파주시,10
571,경기도,파주경찰서,N,0.0,경기도 파주시,8
572,경기도,파주경찰서,N,0.0,경기도 파주시,8
573,경기도,파주경찰서,N,0.0,경기도 파주시,10
574,경기도,파주경찰서,N,0.0,경기도 파주시,8
575,경기도,파주경찰서,Y,1.0,경기도 파주시,10
576,경기도,파주경찰서,N,0.0,경기도 파주시,8
577,경기도,파주경찰서,N,0.0,경기도 파주시,7
578,경기도,파주경찰서,Y,1.0,경기도 파주시,10
579,경기도,파주경찰서,N,0.0,경기도 파주시,6
580,강원도,홍천경찰서,N,0.0,강원도 홍천군,7~11
581,강원도,홍천경찰서,N,0.0,강원도 홍천군,7~11
582,강원도,홍천경찰서,N,0.0,강원도 홍천군,7~11
583,강원도,홍천경찰서,N,0.0,강원도 홍천군,7~11
584,강원도,홍천경찰서,N,0.0,강원도 홍천군,7~11
585,강원도,홍천경찰서,N,0.0,강원도 홍천군,7~11
586,강원도,홍천경찰서,N,0.0,강원도 홍천군,7~11
587,강원도,홍천경찰서,N,0.0,강원도 홍천군,7~11
588,강원도,홍천경찰서,N,0.0,강원도 홍천군,7~11
589,강원도,홍천경찰서,N,0.0,강원도 홍천군,7~11
590,강원도,홍천경찰서,N,0.0,강원도 홍천군,7~11
591,강원도,홍천경찰서,N,0.0,강원도 홍천군,7~11
592,강원도,홍천경찰서,N,0.0,강원도 홍천군,7~11
593,강원도,홍천경찰서,N,0.0,강원도 홍천군,7~11
594,강원도,홍천경찰서,N,0.0,강원도 홍천군,7~11
595,강원도,홍천경찰서,N,0.0,강원도 홍천군,7~11
596,강원도,홍천경찰서,N,0.0,강원도 홍천군,7~11
597,강원도,홍천경찰서,N,0.0,강원도 홍천군,7~11
598,강원도,홍천경찰서,N,0.0,강원도 홍천군,7~11
599,강원도,홍천경찰서,N,0.0,강원도 홍천군,7~11
600,강원도,홍천경찰서,N,0.0,강원도 홍천군,7~11
601,강원도,홍천경찰서,N,0.0,강원도 홍천군,7~11
602,강원도,홍천경찰서,N,0.0,강원도 홍천군,7~11
603,강원도,홍천경찰서,N,0.0,강원도 홍천군,7~11
604,강원도,홍천경찰서,N,0.0,강원도 홍천군,7~11
605,강원도,홍천경찰서,N,0.0,강원도 홍천군,7~11
606,강원도,홍천경찰서,N,0.0,강원도 홍천군,7~11
607,전라남도,화순경찰서,N,0.0,전라남도 화순군,
608,강원도,홍천경찰서,N,0.0,강원도 홍천군,7~11
609,강원도,홍천경찰서,N,0.0,강원도 홍천군,7~11
610,강원도,홍천경찰서,N,0.0,강원도 홍천군,7~11
611,강원도,홍천경찰서,N,0.0,강원도 홍천군,7~11
612,강원도,홍천경찰서,N,0.0,강원도 홍천군,7~11
613,강원도,홍천경찰서,N,0.0,강원도 홍천군,7~11
614,강원도,홍천경찰서,N,0.0,강원도 홍천군,7~11
615,강원도,홍천경찰서,N,0.0,강원도 홍천군,7~11
616,강원도,홍천경찰서,N,0.0,강원도 홍천군,7~11
617,강원도,홍천경찰서,N,0.0,강원도 홍천군,7~11
618,강원도,홍천경찰서,N,0.0,강원도 홍천군,7~11
619,강원도,홍천경찰서,N,0.0,강원도 홍천군,7~11
620,강원도,홍천경찰서,N,0.0,강원도 홍천군,7~11
621,강원도,홍천경찰서,N,0.0,강원도 홍천군,7~11
622,강원도,홍천경찰서,N,0.0,강원도 홍천군,7~11
623,강원도,홍천경찰서,N,0.0,강원도 홍천군,7~11
624,강원도,홍천경찰서,N,0.0,강원도 홍천군,7~11
625,강원도,홍천경찰서,N,0.0,강원도 홍천군,7~11
626,강원도,홍천경찰서,N,0.0,강원도 홍천군,7~11
627,강원도,홍천경찰서,N,0.0,강원도 홍천군,7~11
628,강원도,홍천경찰서,N,0.0,강원도 홍천군,7~11
629,강원도,홍천경찰서,N,0.0,강원도 홍천군,7~11
630,강원도,홍천경찰서,N,0.0,강원도 홍천군,7~11
631,강원도,홍천경찰서,N,0.0,강원도 홍천군,7~11
632,강원도,홍천경찰서,N,0.0,강원도 홍천군,7~11
633,강원도,홍천경찰서,N,0.0,강원도 홍천군,7~11
634,대구광역시,달성경찰서,Y,1.0,대구광역시 달성군,24
635,대구광역시,달성경찰서,N,0.0,대구광역시 달성군,30
636,대구광역시,달성경찰서,Y,1.0,대구광역시 달성군,10
637,대구광역시,달성경찰서,Y,1.0,대구광역시 달성군,6
638,대구광역시,달성경찰서,N,0.0,대구광역시 달성군,4~8
639,대구광역시,달성경찰서,N,0.0,대구광역시 달성군,4~7
640,광주광역시,광주광산경찰서,N,0.0,광주광역시 광산구,18
641,광주광역시,광주광산경찰서,N,0.0,광주광역시 광산구,12
642,광주광역시,광주광산경찰서,Y,1.0,광주광역시 광산구,8
643,광주광역시,광주광산경찰서,N,0.0,광주광역시 광산구,5
644,광주광역시,광주광산경찰서,Y,1.0,광주광역시 광산구,6
645,광주광역시,광주광산경찰서,N,0.0,광주광역시 광산구,6
646,광주광역시,광주광산경찰서,N,0.0,광주광역시 광산구,8
647,광주광역시,광주광산경찰서,N,0.0,광주광역시 광산구,7
648,광주광역시,광주광산경찰서,N,0.0,광주광역시 광산구,5
649,광주광역시,광주광산경찰서,N,0.0,광주광역시 광산구,5
650,광주광역시,광주광산경찰서,N,0.0,광주광역시 광산구,7
651,광주광역시,광주광산경찰서,N,0.0,광주광역시 광산구,6
652,광주광역시,광주광산경찰서,N,0.0,광주광역시 광산구,7
653,광주광역시,광주광산경찰서,N,0.0,광주광역시 광산구,7
654,광주광역시,광주광산경찰서,N,0.0,광주광역시 광산구,7
655,광주광역시,광주광산경찰서,N,0.0,광주광역시 광산구,7
656,부산광역시,부산광역시 남부경찰서,Y,1.0,부산광역시 남구,16~20
657,부산광역시,부산광역시 남부경찰서,Y,1.0,부산광역시 남구,16~20
658,충청남도,금산경찰서,N,0.0,충청남도 금산군,
659,부산광역시,부산광역시 남부경찰서,Y,1.0,부산광역시 남구,16~20
660,부산광역시,부산광역시 남부경찰서,Y,1.0,부산광역시 남구,16~20
661,부산광역시,부산광역시 남부경찰서,Y,1.0,부산광역시 남구,16~20
662,부산광역시,부산광역시 남부경찰서,Y,1.0,부산광역시 남구,16~20
663,충청북도,제천경찰서,N,0.0,충청북도 제천시,
664,전라북도,전주완산경찰서,N,0.0,전라북도 전주시,
665,전라북도,전주완산경찰서,N,0.0,전라북도 전주시,
666,전라북도,전주완산경찰서,N,0.0,전라북도 전주시,
667,전라북도,전주완산경찰서,Y,1.0,전라북도 전주시,
668,전라북도,전주완산경찰서,N,0.0,전라북도 전주시,
669,광주광역시,광주광산경찰서,N,0.0,광주광역시 광산구,18
670,광주광역시,광주광산경찰서,N,0.0,광주광역시 광산구,18
671,광주광역시,광주광산경찰서,N,0.0,광주광역시 광산구,14
672,광주광역시,광주광산경찰서,N,0.0,광주광역시 광산구,18
673,광주광역시,광주광산경찰서,N,0.0,광주광역시 광산구,12
674,광주광역시,광주광산경찰서,Y,1.0,광주광역시 광산구,6
675,광주광역시,광주광산경찰서,N,0.0,광주광역시 광산구,6
676,광주광역시,광주광산경찰서,N,0.0,광주광역시 광산구,8
677,광주광역시,광주광산경찰서,N,0.0,광주광역시 광산구,7
678,광주광역시,광주광산경찰서,N,0.0,광주광역시 광산구,5
679,광주광역시,광주광산경찰서,N,0.0,광주광역시 광산구,5
680,광주광역시,광주광산경찰서,N,0.0,광주광역시 광산구,7
681,광주광역시,광주광산경찰서,N,0.0,광주광역시 광산구,6
682,광주광역시,광주광산경찰서,N,0.0,광주광역시 광산구,7
683,광주광역시,광주광산경찰서,N,0.0,광주광역시 광산구,7
684,광주광역시,광주광산경찰서,N,0.0,광주광역시 광산구,7
685,광주광역시,광주광산경찰서,N,0.0,광주광역시 광산구,7
686,광주광역시,광주광산경찰서,N,0.0,광주광역시 광산구,18
687,광주광역시,광주광산경찰서,N,0.0,광주광역시 광산구,18
688,광주광역시,광주광산경찰서,N,0.0,광주광역시 광산구,14
689,경상북도,영천경찰서,Y,2.0,경상북도 영천시,7
690,경상북도,영천경찰서,N,0.0,경상북도 영천시,7
691,전라북도,전주덕진경찰서,N,0.0,전라북도 전주시,
692,강원도,홍천경찰서,N,0.0,강원도 홍천군,7~11
693,전라북도,전주덕진경찰서,N,0.0,전라북도 전주시,
694,전라북도,전주덕진경찰서,N,0.0,전라북도 전주시,
695,전라북도,전주완산경찰서,Y,1.0,전라북도 전주시,
696,전라북도,전주완산경찰서,Y,1.0,전라북도 전주시,
697,전라북도,전주완산경찰서,N,0.0,전라북도 전주시,
698,전라북도,전주덕진경찰서,N,0.0,전라북도 전주시,
699,전라북도,전주완산경찰서,N,0.0,전라북도 전주시,
700,전라북도,전주완산경찰서,N,0.0,전라북도 전주시,
701,전라북도,전주완산경찰서,N,0.0,전라북도 전주시,
702,전라북도,전주완산경찰서,N,0.0,전라북도 전주시,
703,전라북도,전주덕진경찰서,Y,1.0,전라북도 전주시,
704,전라북도,전주완산경찰서,N,0.0,전라북도 전주시,
705,경기도,광주경찰서,N,0.0,경기도 광주시,10
706,경기도,광주경찰서,N,0.0,경기도 광주시,10
707,경기도,광주경찰서,N,0.0,경기도 광주시,5.5
708,경기도,광주경찰서,N,0.0,경기도 광주시,7
709,경기도,고양경찰서,Y,1.0,경기도 고양시,30
710,경기도,고양경찰서,Y,1.0,경기도 고양시,23
711,경기도,일산동부경찰서,Y,1.0,경기도 고양시,35
712,경기도,일산서부경찰서,Y,2.0,경기도 고양시,20
713,경기도,일산서부경찰서,Y,1.0,경기도 고양시,20
714,경기도,일산서부경찰서,Y,1.0,경기도 고양시,20
715,경기도,일산동부경찰서,Y,1.0,경기도 고양시,30
716,강원도,홍천경찰서,N,0.0,강원도 홍천군,7~11
717,강원도,홍천경찰서,N,0.0,강원도 홍천군,7~11
718,강원도,홍천경찰서,N,0.0,강원도 홍천군,7~11
719,강원도,홍천경찰서,N,0.0,강원도 홍천군,7~11
720,강원도,홍천경찰서,N,0.0,강원도 홍천군,7~11
721,강원도,홍천경찰서,N,0.0,강원도 홍천군,7~11
722,강원도,홍천경찰서,N,0.0,강원도 홍천군,7~11
723,강원도,홍천경찰서,N,0.0,강원도 홍천군,7~11
724,강원도,홍천경찰서,N,0.0,강원도 홍천군,7~11
725,강원도,홍천경찰서,N,0.0,강원도 홍천군,7~11
726,강원도,홍천경찰서,N,0.0,강원도 홍천군,7~11
727,강원도,홍천경찰서,N,0.0,강원도 홍천군,7~11
728,강원도,홍천경찰서,N,0.0,강원도 홍천군,7~11
729,강원도,홍천경찰서,N,0.0,강원도 홍천군,7~11
730,충청북도,보은경찰서,N,0.0,충청북도 보은군,8
731,충청북도,보은경찰서,N,0.0,충청북도 보은군,8
732,인천광역시,인천논현경찰서,N,0.0,인천광역시 남동구,
733,인천광역시,인천논현경찰서,Y,1.0,인천광역시 남동구,
734,인천광역시,인천논현경찰서,Y,1.0,인천광역시 남동구,
735,인천광역시,인천논현경찰서,N,0.0,인천광역시 남동구,
736,인천광역시,인천논현경찰서,N,0.0,인천광역시 남동구,
737,인천광역시,인천논현경찰서,N,0.0,인천광역시 남동구,
738,인천광역시,인천논현경찰서,N,0.0,인천광역시 남동구,
739,인천광역시,인천논현경찰서,N,0.0,인천광역시 남동구,
740,경상남도,양산경찰서,N,0.0,경상남도 양산시,4
741,경상남도,양산경찰서,N,0.0,경상남도 양산시,7
742,경상북도,봉화경찰서,Y,1.0,경상북도 봉화군,7
743,경상북도,봉화경찰서,N,0.0,경상북도 봉화군,7
744,경상북도,봉화경찰서,N,0.0,경상북도 봉화군,7
745,경상북도,봉화경찰서,N,0.0,경상북도 봉화군,7
746,인천광역시,인천남동경찰서,N,0.0,인천광역시 남동구,
747,인천광역시,인천남동경찰서,N,0.0,인천광역시 남동구,
748,인천광역시,인천남동경찰서,N,0.0,인천광역시 남동구,
749,인천광역시,인천남동경찰서,Y,1.0,인천광역시 남동구,
750,인천광역시,인천남동경찰서,Y,1.0,인천광역시 남동구,
751,인천광역시,인천남동경찰서,Y,1.0,인천광역시 남동구,
752,인천광역시,인천남동경찰서,N,0.0,인천광역시 남동구,
753,인천광역시,인천남동경찰서,Y,1.0,인천광역시 남동구,
754,인천광역시,인천남동경찰서,Y,1.0,인천광역시 남동구,
755,인천광역시,인천남동경찰서,Y,1.0,인천광역시 남동구,
756,인천광역시,인천남동경찰서,Y,1.0,인천광역시 남동구,
757,인천광역시,인천남동경찰서,N,0.0,인천광역시 남동구,
758,인천광역시,인천남동경찰서,Y,1.0,인천광역시 남동구,
759,인천광역시,인천남동경찰서,Y,1.0,인천광역시 남동구,
760,인천광역시,인천논현경찰서,Y,1.0,인천광역시 남동구,
761,인천광역시,인천논현경찰서,Y,1.0,인천광역시 남동구,
762,인천광역시,인천논현경찰서,N,0.0,인천광역시 남동구,
763,인천광역시,인천논현경찰서,Y,1.0,인천광역시 남동구,
764,충청북도,충주경찰서,N,0.0,충청북도 충주시,
765,충청북도,충주경찰서,N,0.0,충청북도 충주시,
766,충청북도,충주경찰서,N,0.0,충청북도 충주시,
767,충청북도,충주경찰서,N,0.0,충청북도 충주시,
768,충청북도,충주경찰서,N,0.0,충청북도 충주시,
769,충청북도,충주경찰서,N,0.0,충청북도 충주시,
770,충청북도,충주경찰서,N,0.0,충청북도 충주시,
771,충청북도,충주경찰서,N,0.0,충청북도 충주시,
772,충청북도,충주경찰서,N,0.0,충청북도 충주시,
773,충청북도,충주경찰서,N,0.0,충청북도 충주시,
774,충청북도,충주경찰서,N,0.0,충청북도 충주시,
775,충청북도,충주경찰서,N,0.0,충청북도 충주시,
776,충청북도,충주경찰서,N,0.0,충청북도 충주시,
777,충청북도,충주경찰서,N,0.0,충청북도 충주시,
778,경상남도,양산경찰서,N,0.0,경상남도 양산시,8
779,경상남도,양산경찰서,N,0.0,경상남도 양산시,20
780,경상남도,양산경찰서,N,0.0,경상남도 양산시,8
781,경상남도,양산경찰서,N,0.0,경상남도 양산시,8
782,경상남도,양산경찰서,N,0.0,경상남도 양산시,8
783,경상남도,양산경찰서,N,0.0,경상남도 양산시,8
784,경상남도,양산경찰서,N,0.0,경상남도 양산시,8
785,경상남도,양산경찰서,N,0.0,경상남도 양산시,6
786,경상남도,양산경찰서,N,0.0,경상남도 양산시,8
787,경상남도,양산경찰서,N,0.0,경상남도 양산시,8
788,경상남도,양산경찰서,N,0.0,경상남도 양산시,8
789,경상남도,양산경찰서,N,0.0,경상남도 양산시,8
790,대구광역시,대구광역시 중부경찰서,Y,2.0,대구광역시 중구,15~20
791,대구광역시,대구광역시 중부경찰서,Y,1.0,대구광역시 중구,6~10
792,충청남도,금산경찰서,N,0.0,충청남도 금산군,
793,충청남도,금산경찰서,N,0.0,충청남도 금산군,
794,충청남도,금산경찰서,N,0.0,충청남도 금산군,
795,충청남도,금산경찰서,N,0.0,충청남도 금산군,
796,충청남도,금산경찰서,N,0.0,충청남도 금산군,
797,충청남도,금산경찰서,N,0.0,충청남도 금산군,
798,충청남도,금산경찰서,N,0.0,충청남도 금산군,
799,충청남도,금산경찰서,N,0.0,충청남도 금산군,
800,충청남도,금산경찰서,N,0.0,충청남도 금산군,
801,충청남도,금산경찰서,N,0.0,충청남도 금산군,
802,충청남도,금산경찰서,N,0.0,충청남도 금산군,
803,충청남도,금산경찰서,N,0.0,충청남도 금산군,
804,충청남도,금산경찰서,N,0.0,충청남도 금산군,
805,충청남도,금산경찰서,N,0.0,충청남도 금산군,
806,충청남도,금산경찰서,N,0.0,충청남도 금산군,
807,충청남도,금산경찰서,N,0.0,충청남도 금산군,
808,충청남도,금산경찰서,N,0.0,충청남도 금산군,
809,충청남도,금산경찰서,N,0.0,충청남도 금산군,
810,충청남도,금산경찰서,N,0.0,충청남도 금산군,
811,충청남도,금산경찰서,N,0.0,충청남도 금산군,
812,충청남도,금산경찰서,N,0.0,충청남도 금산군,
813,충청남도,금산경찰서,N,0.0,충청남도 금산군,
814,충청남도,금산경찰서,N,0.0,충청남도 금산군,
815,충청북도,충주경찰서,N,0.0,충청북도 충주시,
816,충청북도,충주경찰서,N,0.0,충청북도 충주시,
817,충청북도,충주경찰서,N,0.0,충청북도 충주시,
818,충청북도,충주경찰서,N,0.0,충청북도 충주시,
819,충청북도,충주경찰서,N,0.0,충청북도 충주시,
820,충청북도,충주경찰서,N,0.0,충청북도 충주시,
821,충청북도,충주경찰서,N,0.0,충청북도 충주시,
822,충청북도,충주경찰서,N,0.0,충청북도 충주시,
823,충청북도,충주경찰서,N,0.0,충청북도 충주시,
824,충청북도,충주경찰서,N,0.0,충청북도 충주시,
825,충청북도,충주경찰서,N,0.0,충청북도 충주시,
826,충청북도,충주경찰서,N,0.0,충청북도 충주시,
827,충청북도,충주경찰서,N,0.0,충청북도 충주시,
828,충청북도,충주경찰서,N,0.0,충청북도 충주시,
829,충청북도,충주경찰서,N,0.0,충청북도 충주시,
830,충청북도,충주경찰서,N,0.0,충청북도 충주시,
831,충청북도,충주경찰서,N,0.0,충청북도 충주시,
832,충청북도,충주경찰서,N,0.0,충청북도 충주시,
833,충청북도,충주경찰서,N,0.0,충청북도 충주시,
834,충청북도,충주경찰서,N,0.0,충청북도 충주시,
835,충청북도,충주경찰서,N,0.0,충청북도 충주시,
836,충청북도,충주경찰서,N,0.0,충청북도 충주시,
837,충청북도,충주경찰서,N,0.0,충청북도 충주시,
838,충청북도,충주경찰서,N,0.0,충청북도 충주시,
839,충청북도,충주경찰서,N,0.0,충청북도 충주시,
840,서울특별시,서울관악경찰서,Y,1.0,서울특별시 관악구,10~30
841,서울특별시,서울관악경찰서,Y,1.0,서울특별시 관악구,6~7
842,서울특별시,서울관악경찰서,Y,2.0,서울특별시 관악구,6~12
843,서울특별시,서울관악경찰서,Y,2.0,서울특별시 관악구,6~12
844,서울특별시,서울관악경찰서,Y,1.0,서울특별시 관악구,6
845,서울특별시,서울관악경찰서,Y,1.0,서울특별시 관악구,10
846,충청북도,충주경찰서,N,0.0,충청북도 충주시,
847,충청북도,충주경찰서,N,0.0,충청북도 충주시,
848,충청북도,충주경찰서,N,0.0,충청북도 충주시,
849,충청북도,충주경찰서,N,0.0,충청북도 충주시,
850,충청북도,충주경찰서,N,0.0,충청북도 충주시,
851,충청북도,충주경찰서,N,0.0,충청북도 충주시,
852,충청북도,충주경찰서,N,0.0,충청북도 충주시,
853,충청북도,충주경찰서,N,0.0,충청북도 충주시,
854,충청북도,충주경찰서,N,0.0,충청북도 충주시,
855,충청북도,충주경찰서,N,0.0,충청북도 충주시,
856,충청북도,충주경찰서,N,0.0,충청북도 충주시,
857,충청북도,충주경찰서,N,0.0,충청북도 충주시,
858,충청북도,충주경찰서,N,0.0,충청북도 충주시,
859,충청북도,충주경찰서,N,0.0,충청북도 충주시,
860,충청북도,충주경찰서,N,0.0,충청북도 충주시,
861,충청북도,충주경찰서,N,0.0,충청북도 충주시,
862,충청북도,충주경찰서,N,0.0,충청북도 충주시,
863,충청북도,충주경찰서,N,0.0,충청북도 충주시,
864,충청북도,충주경찰서,N,0.0,충청북도 충주시,
865,대전광역시,대전광역시 대덕경찰서,Y,1.0,대전광역시 대덕구,8
866,대전광역시,대전광역시 대덕경찰서,Y,2.0,대전광역시 대덕구,10
867,대전광역시,대전광역시 대덕경찰서,Y,3.0,대전광역시 대덕구,12
868,대전광역시,대전광역시 대덕경찰서,Y,3.0,대전광역시 대덕구,8
869,대전광역시,대전광역시 대덕경찰서,Y,1.0,대전광역시 대덕구,9
870,대전광역시,대전광역시 대덕경찰서,Y,2.0,대전광역시 대덕구,9
871,대전광역시,대전광역시 대덕경찰서,Y,3.0,대전광역시 대덕구,14
872,대전광역시,대전광역시 대덕경찰서,Y,1.0,대전광역시 대덕구,6
873,대전광역시,대전광역시 대덕경찰서,Y,1.0,대전광역시 대덕구,8
874,대전광역시,대전광역시 대덕경찰서,Y,1.0,대전광역시 대덕구,7
875,대전광역시,대전광역시 대덕경찰서,Y,1.0,대전광역시 대덕구,6
876,대전광역시,대전광역시 대덕경찰서,Y,1.0,대전광역시 대덕구,6
877,경상남도,남해군경찰서,N,0.0,경상남도 남해군,5
878,경상남도,남해군경찰서,N,0.0,경상남도 남해군,6
879,충청남도,보령경찰서,Y,1.0,충청남도 보령시,8
880,충청남도,보령경찰서,Y,1.0,충청남도 보령시,8
881,충청남도,보령경찰서,Y,1.0,충청남도 보령시,20
882,충청남도,보령경찰서,Y,1.0,충청남도 보령시,8
883,충청남도,보령경찰서,Y,1.0,충청남도 보령시,8
884,충청남도,보령경찰서,Y,1.0,충청남도 보령시,8
885,충청남도,보령경찰서,Y,1.0,충청남도 보령시,8
886,충청남도,보령경찰서,Y,1.0,충청남도 보령시,8
887,충청남도,보령경찰서,Y,1.0,충청남도 보령시,8
888,충청남도,보령경찰서,Y,1.0,충청남도 보령시,8
889,서울특별시,강북경찰서,N,0.0,서울특별시 강북구,8~10
890,서울특별시,강북경찰서,Y,1.0,서울특별시 강북구,20
891,세종특별자치시,세종경찰서,N,0.0,세종특별자치시,36
892,세종특별자치시,세종경찰서,N,0.0,세종특별자치시,12
893,세종특별자치시,세종경찰서,N,0.0,세종특별자치시,8
894,세종특별자치시,세종경찰서,N,0.0,세종특별자치시,8
895,세종특별자치시,세종경찰서,N,0.0,세종특별자치시,5
896,서울특별시,서울관악경찰서,N,0.0,서울특별시 관악구,6~25
897,서울특별시,서울관악경찰서,Y,2.0,서울특별시 관악구,6
898,서울특별시,서울관악경찰서,Y,1.0,서울특별시 관악구,6
899,서울특별시,서울관악경찰서,Y,1.0,서울특별시 관악구,6
900,서울특별시,서울관악경찰서,Y,1.0,서울특별시 관악구,6
901,서울특별시,영등포경찰서,Y,3.0,서울특별시 영등포구,6
902,서울특별시,영등포경찰서,N,0.0,서울특별시 영등포구,5
903,서울특별시,영등포경찰서,N,0.0,서울특별시 영등포구,6
904,서울특별시,영등포경찰서,N,0.0,서울특별시 영등포구,13
905,경기도,오정경찰서,Y,1.0,경기도 부천시,10
906,경기도,오정경찰서,Y,1.0,경기도 부천시,12
907,경기도,소사경찰서,Y,1.0,경기도 부천시,12
908,경기도,원미경찰서,Y,1.0,경기도 부천시,6
909,경기도,원미경찰서,Y,1.0,경기도 부천시,15
910,경기도,소사경찰서,N,0.0,경기도 부천시,22
911,경기도,원미경찰서,Y,1.0,경기도 부천시,8
912,경기도,소사경찰서,Y,1.0,경기도 부천시,6
913,경기도,양평경찰서,Y,1.0,경기도 양평군,12
914,경기도,양평경찰서,Y,2.0,경기도 양평군,13
915,전라남도,구례경찰서,N,0.0,전라남도 구례군,10
916,부산광역시,연제경찰서,Y,1.0,부산광역시 연제구,5.2
917,부산광역시,연제경찰서,Y,1.0,부산광역시 연제구,5.2
918,부산광역시,연제경찰서,Y,1.0,부산광역시 연제구,5.2
919,부산광역시,부산광역시 남부경찰서,Y,1.0,부산광역시 남구,16~20
920,부산광역시,부산광역시 남부경찰서,Y,1.0,부산광역시 남구,16~20
921,충청남도,금산경찰서,N,0.0,충청남도 금산군,
922,충청남도,금산경찰서,N,0.0,충청남도 금산군,
923,충청남도,금산경찰서,N,0.0,충청남도 금산군,
924,충청남도,금산경찰서,N,0.0,충청남도 금산군,
925,충청남도,금산경찰서,N,0.0,충청남도 금산군,
926,서울특별시,강동경찰서,N,0.0,서울특별시 강동구,3
927,서울특별시,강동경찰서,Y,1.0,서울특별시 강동구,3
928,서울특별시,강동경찰서,Y,1.0,서울특별시 강동구,18
929,서울특별시,강동경찰서,Y,2.0,서울특별시 강동구,4
930,경기도,경기안산단원경찰서,N,0.0,경기도 안산시,8
931,경기도,경기안산단원경찰서,N,0.0,경기도 안산시,8
932,경기도,경기안산단원경찰서,Y,2.0,경기도 안산시,10
933,경기도,경기안산단원경찰서,Y,1.0,경기도 안산시,15
934,경기도,경기안산단원경찰서,Y,1.0,경기도 안산시,6.5
935,충청남도,청양경찰서,N,0.0,충청남도 청양군,6.5
936,충청남도,청양경찰서,N,0.0,충청남도 청양군,6.5
937,충청남도,청양경찰서,N,0.0,충청남도 청양군,6.5
938,충청남도,청양경찰서,N,0.0,충청남도 청양군,6.5
939,충청남도,청양경찰서,N,0.0,충청남도 청양군,6.5
940,충청남도,청양경찰서,N,0.0,충청남도 청양군,6.5
941,충청남도,청양경찰서,N,0.0,충청남도 청양군,6.5
942,충청남도,청양경찰서,N,0.0,충청남도 청양군,6.5
943,충청남도,청양경찰서,N,0.0,충청남도 청양군,6.5
944,부산광역시,부산광역시 해운대경찰서,N,0.0,부산광역시 해운대구,
945,부산광역시,부산광역시 해운대경찰서,N,0.0,부산광역시 해운대구,
946,부산광역시,부산광역시 해운대경찰서,N,0.0,부산광역시 해운대구,
947,부산광역시,부산광역시 해운대경찰서,N,0.0,부산광역시 해운대구,
948,부산광역시,부산광역시 해운대경찰서,N,0.0,부산광역시 해운대구,
949,부산광역시,부산광역시 해운대경찰서,N,0.0,부산광역시 해운대구,
950,경기도,경기안산상록경찰서,Y,2.0,경기도 안산시,14
951,경기도,경기안산상록경찰서,Y,3.0,경기도 안산시,14
952,경기도,경기안산상록경찰서,Y,2.0,경기도 안산시,14
953,울산광역시,울산북부경찰서,N,0.0,울산광역시 북구,10~15
954,경기도,경기안산상록경찰서,Y,2.0,경기도 안산시,14
955,경기도,경기안산상록경찰서,Y,2.0,경기도 안산시,6.5
956,경기도,경기안산상록경찰서,Y,2.0,경기도 안산시,4.5
957,경기도,경기안산상록경찰서,Y,2.0,경기도 안산시,14
958,경기도,경기안산단원경찰서,Y,2.0,경기도 안산시,8
959,경기도,경기안산단원경찰서,N,0.0,경기도 안산시,8
960,경기도,경기안산단원경찰서,Y,1.0,경기도 안산시,8
961,충청남도,청양경찰서,N,0.0,충청남도 청양군,6.5
962,충청남도,청양경찰서,N,0.0,충청남도 청양군,6.5
963,충청남도,청양경찰서,N,0.0,충청남도 청양군,6.5
964,충청남도,청양경찰서,N,0.0,충청남도 청양군,6.5
965,충청남도,청양경찰서,N,0.0,충청남도 청양군,6.5
966,충청남도,청양경찰서,N,0.0,충청남도 청양군,6.5
967,충청남도,청양경찰서,N,0.0,충청남도 청양군,6.5
968,충청남도,청양경찰서,Y,1.0,충청남도 청양군,6.5
969,충청남도,청양경찰서,N,0.0,충청남도 청양군,6.5
970,충청남도,청양경찰서,Y,1.0,충청남도 청양군,6.5
971,충청남도,청양경찰서,N,0.0,충청남도 청양군,6.5
972,충청남도,청양경찰서,Y,1.0,충청남도 청양군,6.5
973,충청남도,청양경찰서,N,0.0,충청남도 청양군,8.5
974,충청남도,청양경찰서,Y,5.0,충청남도 청양군,14
975,충청남도,청양경찰서,N,0.0,충청남도 청양군,8.5
976,충청남도,청양경찰서,N,0.0,충청남도 청양군,8.5
977,충청남도,청양경찰서,N,0.0,충청남도 청양군,8.5
978,충청남도,청양경찰서,N,0.0,충청남도 청양군,8.5
979,충청남도,청양경찰서,N,0.0,충청남도 청양군,8.5
980,충청남도,청양경찰서,N,0.0,충청남도 청양군,8.5
981,충청남도,청양경찰서,N,0.0,충청남도 청양군,8.5
982,충청남도,청양경찰서,N,0.0,충청남도 청양군,8.5
983,충청남도,청양경찰서,N,0.0,충청남도 청양군,6.5
984,충청남도,청양경찰서,N,0.0,충청남도 청양군,6.5
985,충청남도,청양경찰서,N,0.0,충청남도 청양군,6.5
986,인천광역시,미추홀경찰서,N,0.0,인천광역시 미추홀구,12
987,전라북도,무주경찰서,Y,2.0,전라북도 무주군,6
988,충청남도,청양경찰서,Y,1.0,충청남도 청양군,8.5
989,충청남도,청양경찰서,Y,1.0,충청남도 청양군,8.5
990,충청남도,청양경찰서,Y,1.0,충청남도 청양군,8.5
991,충청남도,청양경찰서,Y,1.0,충청남도 청양군,8
992,충청남도,청양경찰서,Y,1.0,충청남도 청양군,8.5
993,충청남도,청양경찰서,N,0.0,충청남도 청양군,8
994,충청남도,청양경찰서,Y,1.0,충청남도 청양군,8.5
995,충청남도,청양경찰서,N,0.0,충청남도 청양군,13
996,충청남도,청양경찰서,N,0.0,충청남도 청양군,6.5
997,충청남도,청양경찰서,N,0.0,충청남도 청양군,8
998,충청남도,청양경찰서,Y,1.0,충청남도 청양군,8
999,충청남도,청양경찰서,N,0.0,충청남도 청양군,8
1000,충청남도,청양경찰서,N,0.0,충청남도 청양군,6.5
1001,충청남도,청양경찰서,N,0.0,충청남도 청양군,6.5
1002,충청남도,청양경찰서,N,0.0,충청남도 청양군,6.5
1003,충청남도,청양경찰서,N,0.0,충청남도 청양군,6.5~12
1004,충청남도,청양경찰서,N,0.0,충청남도 청양군,6.5
1005,충청남도,청양경찰서,N,0.0,충청남도 청양군,6.5
1006,충청남도,청양경찰서,Y,1.0,충청남도 청양군,6.5
1007,충청남도,청양경찰서,N,0.0,충청남도 청양군,6.5
1008,충청남도,청양경찰서,N,0.0,충청남도 청양군,6.5
1009,충청남도,청양경찰서,N,0.0,충청남도 청양군,6.5
1010,충청남도,청양경찰서,N,0.0,충청남도 청양군,6.5
1011,부산광역시,기장경찰서,N,0.0,부산광역시 기장군,
1012,부산광역시,기장경찰서,Y,4.0,부산광역시 기장군,
1013,부산광역시,기장경찰서,Y,2.0,부산광역시 기장군,
1014,부산광역시,기장경찰서,Y,1.0,부산광역시 기장군,
1015,부산광역시,기장경찰서,Y,1.0,부산광역시 기장군,
1016,전라남도,완도경찰서,Y,1.0,전라남도 완도군,
1017,전라남도,완도경찰서,Y,1.0,전라남도 완도군,
1018,전라남도,완도경찰서,N,0.0,전라남도 완도군,
1019,인천광역시,미추홀경찰서,Y,2.0,인천광역시 미추홀구,7
1020,인천광역시,미추홀경찰서,Y,2.0,인천광역시 미추홀구,8
1021,인천광역시,미추홀경찰서,Y,2.0,인천광역시 미추홀구,13
1022,인천광역시,미추홀경찰서,N,0.0,인천광역시 미추홀구,10
1023,인천광역시,미추홀경찰서,Y,1.0,인천광역시 미추홀구,10
1024,인천광역시,미추홀경찰서,N,0.0,인천광역시 미추홀구,20
1025,인천광역시,미추홀경찰서,N,0.0,인천광역시 미추홀구,15
1026,인천광역시,미추홀경찰서,Y,4.0,인천광역시 미추홀구,7
1027,인천광역시,미추홀경찰서,Y,3.0,인천광역시 미추홀구,7
1028,인천광역시,미추홀경찰서,N,0.0,인천광역시 미추홀구,20
1029,인천광역시,미추홀경찰서,Y,2.0,인천광역시 미추홀구,5
1030,인천광역시,미추홀경찰서,N,0.0,인천광역시 미추홀구,15
1031,인천광역시,미추홀경찰서,N,0.0,인천광역시 미추홀구,22
1032,인천광역시,미추홀경찰서,Y,1.0,인천광역시 미추홀구,30
1033,인천광역시,미추홀경찰서,N,0.0,인천광역시 미추홀구,20
1034,인천광역시,미추홀경찰서,N,0.0,인천광역시 미추홀구,23
1035,울산광역시,울산북부경찰서,N,0.0,울산광역시 북구,10
1036,울산광역시,울산북부경찰서,N,0.0,울산광역시 북구,20
1037,울산광역시,울산북부경찰서,N,0.0,울산광역시 북구,10
1038,울산광역시,울산북부경찰서,N,0.0,울산광역시 북구,10
1039,울산광역시,울산북부경찰서,N,0.0,울산광역시 북구,10~15
1040,울산광역시,울산북부경찰서,N,0.0,울산광역시 북구,10~15
1041,울산광역시,울산북부경찰서,N,0.0,울산광역시 북구,10
1042,울산광역시,울산북부경찰서,N,0.0,울산광역시 북구,10
1043,울산광역시,울산북부경찰서,N,0.0,울산광역시 북구,10~15
1044,울산광역시,울산북부경찰서,N,0.0,울산광역시 북구,10
1045,울산광역시,울산북부경찰서,N,0.0,울산광역시 북구,10
1046,울산광역시,울산북부경찰서,N,0.0,울산광역시 북구,10~15
1047,울산광역시,울산북부경찰서,N,0.0,울산광역시 북구,10~15
1048,울산광역시,울산북부경찰서,N,0.0,울산광역시 북구,30
1049,울산광역시,울산북부경찰서,N,0.0,울산광역시 북구,20
1050,울산광역시,울산북부경찰서,N,0.0,울산광역시 북구,10~15
1051,울산광역시,울산북부경찰서,N,0.0,울산광역시 북구,30
1052,울산광역시,울산북부경찰서,N,0.0,울산광역시 북구,10~15
1053,울산광역시,울산북부경찰서,N,0.0,울산광역시 북구,10~15
1054,부산광역시,기장경찰서,Y,1.0,부산광역시 기장군,
1055,강원도,삼척경찰서,N,0.0,강원도 삼척시,
1056,강원도,삼척경찰서,N,0.0,강원도 삼척시,
1057,강원도,삼척경찰서,N,0.0,강원도 삼척시,
1058,강원도,삼척경찰서,N,0.0,강원도 삼척시,
1059,강원도,삼척경찰서,N,0.0,강원도 삼척시,
1060,강원도,삼척경찰서,N,0.0,강원도 삼척시,
1061,강원도,삼척경찰서,N,0.0,강원도 삼척시,
1062,강원도,삼척경찰서,N,0.0,강원도 삼척시,
1063,강원도,삼척경찰서,N,0.0,강원도 삼척시,
1064,강원도,삼척경찰서,N,0.0,강원도 삼척시,
1065,강원도,삼척경찰서,N,0.0,강원도 삼척시,
1066,강원도,삼척경찰서,N,0.0,강원도 삼척시,
1067,강원도,삼척경찰서,N,0.0,강원도 삼척시,
1068,강원도,삼척경찰서,N,0.0,강원도 삼척시,
1069,강원도,삼척경찰서,N,0.0,강원도 삼척시,
1070,울산광역시,울산북부경찰서,N,0.0,울산광역시 북구,10
1071,울산광역시,울산북부경찰서,N,0.0,울산광역시 북구,10~15
1072,울산광역시,울산북부경찰서,N,0.0,울산광역시 북구,10~15
1073,울산광역시,울산북부경찰서,N,0.0,울산광역시 북구,10~15
1074,울산광역시,울산북부경찰서,N,0.0,울산광역시 북구,10
1075,울산광역시,울산북부경찰서,N,0.0,울산광역시 북구,10
1076,울산광역시,울산북부경찰서,N,0.0,울산광역시 북구,10
1077,울산광역시,울산북부경찰서,N,0.0,울산광역시 북구,10
1078,울산광역시,울산북부경찰서,N,0.0,울산광역시 북구,10~15
1079,울산광역시,울산북부경찰서,N,0.0,울산광역시 북구,5~10
1080,경상남도,남해군경찰서,N,0.0,경상남도 남해군,5~6
1081,경상남도,남해군경찰서,N,0.0,경상남도 남해군,6
1082,경상남도,남해군경찰서,N,0.0,경상남도 남해군,5
1083,경상남도,남해군경찰서,N,0.0,경상남도 남해군,6
1084,부산광역시,부산사하경찰서,Y,1.0,부산광역시 사하구,24
1085,부산광역시,부산사하경찰서,Y,2.0,부산광역시 사하구,14
1086,부산광역시,부산사하경찰서,N,0.0,부산광역시 사하구,11
1087,부산광역시,부산사하경찰서,Y,1.0,부산광역시 사하구,6
1088,부산광역시,부산사하경찰서,N,0.0,부산광역시 사하구,11
1089,부산광역시,부산사하경찰서,Y,2.0,부산광역시 사하구,8
1090,경상북도,청도경찰서,Y,4.0,경상북도 청도군,6
1091,부산광역시,서부경찰서,N,0.0,부산광역시 서구,
1092,부산광역시,서부경찰서,N,0.0,부산광역시 서구,
1093,부산광역시,서부경찰서,Y,1.0,부산광역시 서구,
1094,부산광역시,서부경찰서,Y,1.0,부산광역시 서구,
1095,부산광역시,서부경찰서,N,0.0,부산광역시 서구,
1096,부산광역시,서부경찰서,Y,1.0,부산광역시 서구,
1097,울산광역시,울산중부경찰서,Y,1.0,울산광역시 중구,20
1098,울산광역시,울산중부경찰서,Y,1.0,울산광역시 중구,10
1099,울산광역시,울산중부경찰서,Y,1.0,울산광역시 중구,15
1100,울산광역시,울산중부경찰서,Y,1.0,울산광역시 중구,24
1101,울산광역시,울산중부경찰서,N,0.0,울산광역시 중구,10
1102,울산광역시,울산중부경찰서,N,0.0,울산광역시 중구,7
1103,울산광역시,울산중부경찰서,N,0.0,울산광역시 중구,10
1104,울산광역시,울산중부경찰서,N,0.0,울산광역시 중구,9
1105,울산광역시,울산중부경찰서,N,0.0,울산광역시 중구,8
1106,경기도,동두천경찰서,N,0.0,경기도 동두천시,9
1107,경기도,동두천경찰서,N,0.0,경기도 동두천시,5
1108,경기도,동두천경찰서,N,0.0,경기도 동두천시,12
1109,경기도,동두천경찰서,N,0.0,경기도 동두천시,12
1110,경기도,동두천경찰서,N,0.0,경기도 동두천시,8
1111,인천광역시,인천서부경찰서,N,0.0,인천광역시 서구,
1112,인천광역시,인천서부경찰서,N,0.0,인천광역시 서구,
1113,인천광역시,인천서부경찰서,N,0.0,인천광역시 서구,0
1114,인천광역시,인천서부경찰서,Y,1.0,인천광역시 서구,29
1115,인천광역시,인천서부경찰서,N,0.0,인천광역시 서구,8
1116,충청남도,서산경찰서,N,0.0,충청남도 서산시,
1117,인천광역시,인천서부경찰서,N,0.0,인천광역시 서구,
1118,인천광역시,인천서부경찰서,N,0.0,인천광역시 서구,6
1119,인천광역시,인천서부경찰서,N,0.0,인천광역시 서구,
1120,인천광역시,인천서부경찰서,N,0.0,인천광역시 서구,
1121,인천광역시,인천중부경찰서,Y,1.0,인천광역시 중구,6~25
1122,인천광역시,인천중부경찰서,Y,2.0,인천광역시 중구,14
1123,인천광역시,인천중부경찰서,Y,3.0,인천광역시 중구,10
1124,인천광역시,인천중부경찰서,Y,2.0,인천광역시 중구,6~8
1125,인천광역시,인천중부경찰서,Y,2.0,인천광역시 중구,6~8
1126,대구광역시,대구동부경찰서,Y,1.0,대구광역시 동구,5~8
1127,대구광역시,대구동부경찰서,Y,1.0,대구광역시 동구,5~9
1128,대구광역시,대구동부경찰서,Y,1.0,대구광역시 동구,33~35
1129,대구광역시,대구동부경찰서,Y,2.0,대구광역시 동구,8~10
1130,경상북도,문경경찰서,N,0.0,경상북도 문경시,6
1131,경상북도,문경경찰서,N,0.0,경상북도 문경시,6
1132,경상북도,문경경찰서,N,0.0,경상북도 문경시,6
1133,경상북도,문경경찰서,N,0.0,경상북도 문경시,6
1134,경상북도,문경경찰서,N,0.0,경상북도 문경시,6
1135,경상북도,문경경찰서,N,0.0,경상북도 문경시,6
1136,경상북도,문경경찰서,N,0.0,경상북도 문경시,6
1137,경상북도,문경경찰서,N,0.0,경상북도 문경시,6
1138,경상북도,문경경찰서,N,0.0,경상북도 문경시,6
1139,경상북도,문경경찰서,N,0.0,경상북도 문경시,6
1140,경상북도,문경경찰서,N,0.0,경상북도 문경시,6
1141,경상북도,문경경찰서,N,0.0,경상북도 문경시,6
1142,경상북도,문경경찰서,N,0.0,경상북도 문경시,6
1143,경상북도,문경경찰서,N,0.0,경상북도 문경시,6
1144,경상북도,문경경찰서,N,0.0,경상북도 문경시,6
1145,경상북도,문경경찰서,N,0.0,경상북도 문경시,6
1146,경상북도,문경경찰서,N,0.0,경상북도 문경시,6
1147,경상북도,문경경찰서,N,0.0,경상북도 문경시,6
1148,경상북도,문경경찰서,N,0.0,경상북도 문경시,6
1149,경상북도,문경경찰서,N,0.0,경상북도 문경시,6
1150,경상북도,문경경찰서,N,0.0,경상북도 문경시,6
1151,경상북도,문경경찰서,N,0.0,경상북도 문경시,6
1152,경상북도,문경경찰서,N,0.0,경상북도 문경시,6
1153,경상북도,문경경찰서,N,0.0,경상북도 문경시,6
1154,경상북도,문경경찰서,N,0.0,경상북도 문경시,6
1155,경상남도,거제경찰서,N,0.0,경상남도 거제시,6
1156,경상남도,거제경찰서,N,0.0,경상남도 거제시,8
1157,경상남도,거제경찰서,N,0.0,경상남도 거제시,6.5
1158,경상남도,거제경찰서,N,0.0,경상남도 거제시,6
1159,경상남도,거제경찰서,N,0.0,경상남도 거제시,6
1160,경상남도,거제경찰서,N,0.0,경상남도 거제시,6
1161,경상남도,거제경찰서,N,0.0,경상남도 거제시,6
1162,경상남도,거제경찰서,N,0.0,경상남도 거제시,6
1163,인천광역시,인천광역시 중부경찰서,N,0.0,인천광역시 동구,18
1164,인천광역시,인천광역시 중부경찰서,N,0.0,인천광역시 동구,18
1165,인천광역시,인천광역시 중부경찰서,N,0.0,인천광역시 동구,14
1166,인천광역시,인천광역시 중부경찰서,Y,2.0,인천광역시 동구,8 ~25
1167,인천광역시,인천서부경찰서,Y,1.0,인천광역시 서구,7
1168,인천광역시,인천서부경찰서,N,0.0,인천광역시 서구,
1169,인천광역시,인천서부경찰서,N,0.0,인천광역시 서구,
1170,인천광역시,인천서부경찰서,N,0.0,인천광역시 서구,
1171,인천광역시,인천서부경찰서,N,0.0,인천광역시 서구,
1172,인천광역시,인천서부경찰서,N,0.0,인천광역시 서구,
1173,인천광역시,인천서부경찰서,N,0.0,인천광역시 서구,
1174,인천광역시,인천서부경찰서,N,0.0,인천광역시 서구,
1175,인천광역시,인천서부경찰서,N,0.0,인천광역시 서구,
1176,인천광역시,인천서부경찰서,N,0.0,인천광역시 서구,
1177,인천광역시,인천서부경찰서,N,0.0,인천광역시 서구,
1178,인천광역시,인천서부경찰서,N,0.0,인천광역시 서구,
1179,인천광역시,인천서부경찰서,N,0.0,인천광역시 서구,
1180,인천광역시,인천서부경찰서,N,0.0,인천광역시 서구,
1181,울산광역시,울산중부경찰서,N,0.0,울산광역시 중구,4
1182,울산광역시,울산중부경찰서,N,0.0,울산광역시 중구,8
1183,울산광역시,울산중부경찰서,N,0.0,울산광역시 중구,9
1184,울산광역시,울산중부경찰서,N,0.0,울산광역시 중구,10
1185,충청북도,단양경찰서,N,0.0,충청북도 단양군,8
1186,충청북도,단양경찰서,N,0.0,충청북도 단양군,8
1187,충청북도,단양경찰서,N,0.0,충청북도 단양군,8
1188,충청북도,단양경찰서,N,0.0,충청북도 단양군,8
1189,충청북도,단양경찰서,N,0.0,충청북도 단양군,20
1190,충청북도,단양경찰서,N,0.0,충청북도 단양군,8
1191,충청북도,단양경찰서,N,0.0,충청북도 단양군,8
1192,충청북도,단양경찰서,N,0.0,충청북도 단양군,8
1193,충청북도,단양경찰서,N,0.0,충청북도 단양군,8
1194,충청북도,단양경찰서,N,0.0,충청북도 단양군,8
1195,대전광역시,대전광역시 중부경찰서,N,0.0,대전광역시 중구,15
1196,대전광역시,대전광역시 중부경찰서,N,0.0,대전광역시 중구,24
1197,대전광역시,대전광역시 중부경찰서,N,0.0,대전광역시 중구,16
1198,대전광역시,대전광역시 중부경찰서,N,0.0,대전광역시 중구,10
1199,대전광역시,대전광역시 중부경찰서,Y,1.0,대전광역시 중구,8
1200,대전광역시,대전광역시 중부경찰서,Y,1.0,대전광역시 중구,8
1201,대전광역시,대전광역시 중부경찰서,N,0.0,대전광역시 중구,6
1202,대전광역시,대전광역시 중부경찰서,N,0.0,대전광역시 중구,8
1203,대전광역시,대전광역시 중부경찰서,Y,2.0,대전광역시 중구,6
1204,대전광역시,대전광역시 중부경찰서,N,0.0,대전광역시 중구,15
1205,대전광역시,대전광역시 중부경찰서,Y,1.0,대전광역시 중구,10
1206,대전광역시,대전광역시 중부경찰서,N,0.0,대전광역시 중구,8
1207,대전광역시,대전광역시 중부경찰서,Y,1.0,대전광역시 중구,20
1208,서울특별시,강동경찰서,N,0.0,서울특별시 강동구,20
1209,서울특별시,강동경찰서,Y,1.0,서울특별시 강동구,3
1210,서울특별시,양천경찰서,N,0.0,서울특별시 양천구,20
1211,서울특별시,양천경찰서,Y,1.0,서울특별시 양천구,7
1212,서울특별시,양천경찰서,Y,1.0,서울특별시 양천구,6
1213,서울특별시,양천경찰서,Y,1.0,서울특별시 양천구,30
1214,대전광역시,대전유성경찰서,Y,1.0,대전광역시 유성구,
1215,대전광역시,대전유성경찰서,Y,1.0,대전광역시 유성구,
1216,대전광역시,대전유성경찰서,Y,1.0,대전광역시 유성구,
1217,대전광역시,대전유성경찰서,Y,1.0,대전광역시 유성구,
1218,대전광역시,대전유성경찰서,Y,1.0,대전광역시 유성구,
1219,대전광역시,대전유성경찰서,Y,1.0,대전광역시 유성구,
1220,대전광역시,대전유성경찰서,Y,1.0,대전광역시 유성구,
1221,대전광역시,대전유성경찰서,Y,1.0,대전광역시 유성구,
1222,서울특별시,강동경찰서,Y,1.0,서울특별시 강동구,5~7
1223,서울특별시,강동경찰서,Y,2.0,서울특별시 강동구,20
1224,서울특별시,강동경찰서,Y,1.0,서울특별시 강동구,20
1225,서울특별시,강동경찰서,Y,1.0,서울특별시 강동구,8~20
1226,서울특별시,강동경찰서,N,0.0,서울특별시 강동구,15~20
1227,서울특별시,양천경찰서,Y,1.0,서울특별시 양천구,15
1228,서울특별시,양천경찰서,N,0.0,서울특별시 양천구,20
1229,서울특별시,양천경찰서,N,0.0,서울특별시 양천구,30
1230,강원도,속초경찰서,N,0.0,강원도 양양군,8
1231,강원도,속초경찰서,N,0.0,강원도 양양군,10
1232,제주특별자치도,서귀포경찰서,N,0.0,제주특별자치도,
1233,제주특별자치도,서귀포경찰서,N,0.0,제주특별자치도,
1234,제주특별자치도,제주서부경찰서,N,0.0,제주특별자치도,
1235,제주특별자치도,제주서부경찰서,N,0.0,제주특별자치도,
1236,제주특별자치도,제주서부경찰서,N,0.0,제주특별자치도,
1237,제주특별자치도,서귀포경찰서,N,0.0,제주특별자치도,
1238,제주특별자치도,서귀포경찰서,N,0.0,제주특별자치도,
1239,제주특별자치도,서귀포경찰서,N,0.0,제주특별자치도,
1240,제주특별자치도,서귀포경찰서,N,0.0,제주특별자치도,
1241,제주특별자치도,서귀포경찰서,N,0.0,제주특별자치도,
1242,제주특별자치도,서귀포경찰서,N,0.0,제주특별자치도,
1243,제주특별자치도,제주서부경찰서,N,0.0,제주특별자치도,
1244,제주특별자치도,제주서부경찰서,N,0.0,제주특별자치도,
1245,제주특별자치도,제주서부경찰서,N,0.0,제주특별자치도,
1246,제주특별자치도,제주서부경찰서,N,0.0,제주특별자치도,
1247,제주특별자치도,서귀포경찰서,N,0.0,제주특별자치도,
1248,제주특별자치도,서귀포경찰서,N,0.0,제주특별자치도,
1249,제주특별자치도,제주서부경찰서,N,0.0,제주특별자치도,
1250,전라북도,진안경찰서,Y,4.0,전라북도 진안군,14
1251,전라북도,진안경찰서,Y,2.0,전라북도 진안군,12
1252,경상남도,거제경찰서,N,0.0,경상남도 거제시,6
1253,경상남도,거제경찰서,N,0.0,경상남도 거제시,6.5
1254,제주특별자치도,제주동부경찰서,N,0.0,제주특별자치도,
1255,제주특별자치도,서귀포경찰서,N,0.0,제주특별자치도,
1256,제주특별자치도,제주동부경찰서,N,0.0,제주특별자치도,
1257,제주특별자치도,제주동부경찰서,N,0.0,제주특별자치도,
1258,제주특별자치도,제주동부경찰서,N,0.0,제주특별자치도,
1259,제주특별자치도,제주동부경찰서,N,0.0,제주특별자치도,
1260,제주특별자치도,제주동부경찰서,N,0.0,제주특별자치도,
1261,제주특별자치도,서귀포경찰서,N,0.0,제주특별자치도,
1262,제주특별자치도,제주서부경찰서,N,0.0,제주특별자치도,
1263,제주특별자치도,제주동부경찰서,N,0.0,제주특별자치도,
1264,제주특별자치도,서귀포경찰서,N,0.0,제주특별자치도,
1265,제주특별자치도,서귀포경찰서,N,0.0,제주특별자치도,
1266,제주특별자치도,서귀포경찰서,N,0.0,제주특별자치도,
1267,제주특별자치도,제주동부경찰서,N,0.0,제주특별자치도,
1268,제주특별자치도,제주동부경찰서,N,0.0,제주특별자치도,
1269,제주특별자치도,서귀포경찰서,N,0.0,제주특별자치도,
1270,제주특별자치도,서귀포경찰서,N,0.0,제주특별자치도,
1271,제주특별자치도,제주서부경찰서,N,0.0,제주특별자치도,
1272,제주특별자치도,제주동부경찰서,N,0.0,제주특별자치도,
1273,제주특별자치도,서귀포경찰서,N,0.0,제주특별자치도,
1274,제주특별자치도,서귀포경찰서,N,0.0,제주특별자치도,
1275,제주특별자치도,서귀포경찰서,N,0.0,제주특별자치도,
1276,제주특별자치도,제주서부경찰서,N,0.0,제주특별자치도,
1277,제주특별자치도,제주서부경찰서,N,0.0,제주특별자치도,
1278,제주특별자치도,제주서부경찰서,N,0.0,제주특별자치도,
1279,제주특별자치도,제주동부경찰서,N,0.0,제주특별자치도,
1280,제주특별자치도,제주동부경찰서,N,0.0,제주특별자치도,
1281,제주특별자치도,제주동부경찰서,N,0.0,제주특별자치도,
1282,제주특별자치도,서귀포경찰서,N,0.0,제주특별자치도,
1283,제주특별자치도,제주동부경찰서,N,0.0,제주특별자치도,
1284,제주특별자치도,제주서부경찰서,N,0.0,제주특별자치도,
1285,제주특별자치도,제주서부경찰서,N,0.0,제주특별자치도,
1286,제주특별자치도,제주서부경찰서,N,0.0,제주특별자치도,
1287,제주특별자치도,제주서부경찰서,N,0.0,제주특별자치도,
1288,제주특별자치도,제주동부경찰서,N,0.0,제주특별자치도,
1289,제주특별자치도,서귀포경찰서,N,0.0,제주특별자치도,
1290,제주특별자치도,제주동부경찰서,N,0.0,제주특별자치도,
1291,제주특별자치도,서귀포경찰서,N,0.0,제주특별자치도,
1292,제주특별자치도,서귀포경찰서,N,0.0,제주특별자치도,
1293,제주특별자치도,제주서부경찰서,N,0.0,제주특별자치도,
1294,제주특별자치도,서귀포경찰서,N,0.0,제주특별자치도,
1295,제주특별자치도,서귀포경찰서,N,0.0,제주특별자치도,
1296,경상북도,구미경찰서,N,0.0,경상북도 구미시,
1297,경상북도,구미경찰서,Y,1.0,경상북도 구미시,
1298,제주특별자치도,서귀포경찰서,N,0.0,제주특별자치도,
1299,제주특별자치도,제주동부경찰서,N,0.0,제주특별자치도,
1300,제주특별자치도,서귀포경찰서,N,0.0,제주특별자치도,
1301,제주특별자치도,서귀포경찰서,N,0.0,제주특별자치도,
1302,제주특별자치도,서귀포경찰서,N,0.0,제주특별자치도,
1303,제주특별자치도,서귀포경찰서,N,0.0,제주특별자치도,
1304,제주특별자치도,제주서부경찰서,N,0.0,제주특별자치도,
1305,제주특별자치도,서귀포경찰서,N,0.0,제주특별자치도,
1306,제주특별자치도,제주서부경찰서,N,0.0,제주특별자치도,
1307,제주특별자치도,서귀포경찰서,N,0.0,제주특별자치도,
1308,제주특별자치도,제주서부경찰서,N,0.0,제주특별자치도,
1309,제주특별자치도,서귀포경찰서,N,0.0,제주특별자치도,
1310,제주특별자치도,서귀포경찰서,N,0.0,제주특별자치도,
1311,제주특별자치도,서귀포경찰서,N,0.0,제주특별자치도,
1312,제주특별자치도,제주동부경찰서,N,0.0,제주특별자치도,
1313,제주특별자치도,제주서부경찰서,N,0.0,제주특별자치도,
1314,제주특별자치도,서귀포경찰서,N,0.0,제주특별자치도,
1315,제주특별자치도,제주서부경찰서,N,0.0,제주특별자치도,
1316,제주특별자치도,서귀포경찰서,N,0.0,제주특별자치도,
1317,제주특별자치도,서귀포경찰서,N,0.0,제주특별자치도,
1318,제주특별자치도,서귀포경찰서,N,0.0,제주특별자치도,
1319,제주특별자치도,서귀포경찰서,N,0.0,제주특별자치도,
1320,제주특별자치도,제주동부경찰서,N,0.0,제주특별자치도,
1321,제주특별자치도,제주동부경찰서,N,0.0,제주특별자치도,
1322,제주특별자치도,제주동부경찰서,N,0.0,제주특별자치도,
1323,제주특별자치도,제주동부경찰서,N,0.0,제주특별자치도,
1324,제주특별자치도,서귀포경찰서,N,0.0,제주특별자치도,
1325,제주특별자치도,제주서부경찰서,N,0.0,제주특별자치도,
1326,제주특별자치도,서귀포경찰서,N,0.0,제주특별자치도,
1327,제주특별자치도,서귀포경찰서,N,0.0,제주특별자치도,
1328,제주특별자치도,서귀포경찰서,N,0.0,제주특별자치도,
1329,제주특별자치도,제주서부경찰서,N,0.0,제주특별자치도,
1330,제주특별자치도,제주서부경찰서,N,0.0,제주특별자치도,
1331,제주특별자치도,서귀포경찰서,N,0.0,제주특별자치도,
1332,제주특별자치도,제주서부경찰서,N,0.0,제주특별자치도,
1333,제주특별자치도,제주동부경찰서,N,0.0,제주특별자치도,
1334,제주특별자치도,제주서부경찰서,N,0.0,제주특별자치도,
1335,제주특별자치도,서귀포경찰서,N,0.0,제주특별자치도,
1336,제주특별자치도,서귀포경찰서,N,0.0,제주특별자치도,
1337,제주특별자치도,제주서부경찰서,N,0.0,제주특별자치도,
1338,제주특별자치도,제주서부경찰서,N,0.0,제주특별자치도,
1339,제주특별자치도,서귀포경찰서,N,0.0,제주특별자치도,
1340,제주특별자치도,서귀포경찰서,N,0.0,제주특별자치도,
1341,경기도,하남경찰서,Y,5.0,경기도 하남시,35
1342,경기도,포천경찰서,N,0.0,경기도 포천시,6
1343,경기도,포천경찰서,N,0.0,경기도 포천시,6
1344,경기도,포천경찰서,N,0.0,경기도 포천시,13
1345,경기도,포천경찰서,N,0.0,경기도 포천시,7
1346,경기도,포천경찰서,N,0.0,경기도 포천시,7
1347,경기도,포천경찰서,N,0.0,경기도 포천시,8
1348,경기도,포천경찰서,N,0.0,경기도 포천시,7
1349,경기도,포천경찰서,N,0.0,경기도 포천시,7~9
1350,경기도,포천경찰서,N,0.0,경기도 포천시,7
1351,경기도,포천경찰서,N,0.0,경기도 포천시,7
1352,경기도,포천경찰서,N,0.0,경기도 포천시,8
1353,경기도,포천경찰서,N,0.0,경기도 포천시,7
1354,경기도,포천경찰서,N,0.0,경기도 포천시,8
1355,경기도,포천경찰서,N,0.0,경기도 포천시,8
1356,경기도,포천경찰서,N,0.0,경기도 포천시,8
1357,제주특별자치도,제주동부경찰서,N,0.0,제주특별자치도,
1358,제주특별자치도,서귀포경찰서,N,0.0,제주특별자치도,
1359,제주특별자치도,제주서부경찰서,N,0.0,제주특별자치도,
1360,제주특별자치도,서귀포경찰서,N,0.0,제주특별자치도,
1361,제주특별자치도,제주서부경찰서,N,0.0,제주특별자치도,
1362,제주특별자치도,제주서부경찰서,N,0.0,제주특별자치도,
1363,제주특별자치도,서귀포경찰서,N,0.0,제주특별자치도,
1364,제주특별자치도,제주서부경찰서,N,0.0,제주특별자치도,
1365,제주특별자치도,제주서부경찰서,N,0.0,제주특별자치도,
1366,경상남도,거창경찰서,N,0.0,경상남도 거창군,
1367,경상남도,거창경찰서,N,0.0,경상남도 거창군,
1368,경상남도,거창경찰서,N,0.0,경상남도 거창군,
1369,경상남도,거창경찰서,N,0.0,경상남도 거창군,
1370,경상남도,거창경찰서,N,0.0,경상남도 거창군,
1371,경상남도,거창경찰서,Y,1.0,경상남도 거창군,
1372,경상남도,거창경찰서,N,0.0,경상남도 거창군,
1373,경상남도,거창경찰서,N,0.0,경상남도 거창군,
1374,경상남도,거창경찰서,N,0.0,경상남도 거창군,
1375,경상남도,거창경찰서,N,0.0,경상남도 거창군,
1376,경상남도,거창경찰서,N,0.0,경상남도 거창군,
1377,경상남도,거창경찰서,N,0.0,경상남도 거창군,
1378,경상남도,거창경찰서,N,0.0,경상남도 거창군,
1379,경상남도,거창경찰서,N,0.0,경상남도 거창군,
1380,경상남도,거창경찰서,N,0.0,경상남도 거창군,
1381,경상남도,거창경찰서,N,0.0,경상남도 거창군,
1382,경상남도,거창경찰서,N,0.0,경상남도 거창군,
1383,경상남도,거창경찰서,N,0.0,경상남도 거창군,
1384,경상남도,거창경찰서,N,0.0,경상남도 거창군,
1385,경상남도,거창경찰서,N,0.0,경상남도 거창군,
1386,경상남도,거창경찰서,N,0.0,경상남도 거창군,
1387,경상남도,거창경찰서,N,0.0,경상남도 거창군,
1388,경상남도,거창경찰서,N,0.0,경상남도 거창군,
1389,경상남도,거창경찰서,N,0.0,경상남도 거창군,
1390,경기도,하남경찰서,Y,4.0,경기도 하남시,25
1391,대전광역시,대전광역시 중부경찰서,Y,1.0,대전광역시 중구,8
1392,대전광역시,대전광역시 중부경찰서,N,0.0,대전광역시 중구,8
1393,대전광역시,대전광역시 중부경찰서,Y,1.0,대전광역시 중구,8
1394,대전광역시,대전광역시 중부경찰서,N,0.0,대전광역시 중구,8
1395,대전광역시,대전광역시 중부경찰서,N,0.0,대전광역시 중구,6
1396,대전광역시,대전광역시 중부경찰서,N,0.0,대전광역시 중구,6
1397,대전광역시,대전광역시 중부경찰서,N,0.0,대전광역시 중구,6
1398,대전광역시,대전광역시 중부경찰서,N,0.0,대전광역시 중구,8
1399,대전광역시,대전광역시 중부경찰서,N,0.0,대전광역시 중구,8
1400,대전광역시,대전광역시 중부경찰서,N,0.0,대전광역시 중구,4
1401,대전광역시,대전광역시 중부경찰서,N,0.0,대전광역시 중구,4
1402,대전광역시,대전광역시 중부경찰서,N,0.0,대전광역시 중구,20
1403,대전광역시,대전광역시 중부경찰서,N,0.0,대전광역시 중구,25
1404,경상북도,영덕경찰서,N,0.0,경상북도 영덕군,5
1405,전라남도,영암경찰서,Y,2.0,전라남도 영암군,6~10
1406,전라남도,영암경찰서,Y,4.0,전라남도 영암군,5~9
1407,전라남도,나주경찰서,N,0.0,전라남도 나주시,
1408,전라남도,나주경찰서,Y,1.0,전라남도 나주시,
1409,서울특별시,용산경찰서,N,0.0,서울특별시 용산구,20~23
1410,서울특별시,용산경찰서,N,0.0,서울특별시 용산구,4
1411,서울특별시,용산경찰서,N,0.0,서울특별시 용산구,6~7
1412,서울특별시,용산경찰서,N,0.0,서울특별시 용산구,13~14
1413,서울특별시,용산경찰서,N,0.0,서울특별시 용산구,5~11
1414,서울특별시,서울특별시 종암경찰서,Y,1.0,서울특별시 성북구,6
1415,서울특별시,서울특별시 종암경찰서,Y,1.0,서울특별시 성북구,5~30
1416,서울특별시,서울특별시 성북경찰서,N,0.0,서울특별시 성북구,5~15
1417,서울특별시,서울특별시 종암경찰서,N,0.0,서울특별시 성북구,8
1418,서울특별시,서울특별시 성북경찰서,N,0.0,서울특별시 성북구,6
1419,서울특별시,서울특별시 성북경찰서,N,0.0,서울특별시 성북구,5~30
1420,서울특별시,서울특별시 성북경찰서,Y,1.0,서울특별시 성북구,6
1421,서울특별시,성동경찰서,Y,3.0,서울특별시 성동구,
1422,서울특별시,성동경찰서,Y,1.0,서울특별시 성동구,
1423,서울특별시,성동경찰서,Y,1.0,서울특별시 성동구,
1424,서울특별시,성동경찰서,N,0.0,서울특별시 성동구,
1425,경상남도,거창경찰서,N,0.0,경상남도 거창군,
1426,경상남도,거창경찰서,N,0.0,경상남도 거창군,
1427,경상남도,거창경찰서,N,0.0,경상남도 거창군,
1428,경상남도,거창경찰서,N,0.0,경상남도 거창군,
1429,경상남도,거창경찰서,N,0.0,경상남도 거창군,
1430,경상남도,거창경찰서,N,0.0,경상남도 거창군,
1431,경기도,수원중부경찰서,N,0.0,경기도 수원시,10~14
1432,경기도,수원중부경찰서,Y,4.0,경기도 수원시,7
1433,경기도,수원중부경찰서,Y,5.0,경기도 수원시,8~10
1434,경기도,수원남부경찰서,N,0.0,경기도 수원시,26
1435,경기도,수원남부경찰서,Y,8.0,경기도 수원시,18
1436,경기도,수원남부경찰서,Y,5.0,경기도 수원시,6
1437,경기도,수원중부경찰서,N,0.0,경기도 수원시,8
1438,경기도,수원남부경찰서,N,0.0,경기도 수원시,14
1439,경기도,수원중부경찰서,Y,1.0,경기도 수원시,6.5
1440,경기도,수원중부경찰서,Y,1.0,경기도 수원시,28
1441,경기도,수원서부경찰서,Y,1.0,경기도 수원시,22
1442,경기도,수원서부경찰서,N,0.0,경기도 수원시,15
1443,경기도,수원서부경찰서,Y,2.0,경기도 수원시,7~8
1444,경기도,수원중부경찰서,N,0.0,경기도 수원시,4.5~6.5
1445,경기도,수원서부경찰서,N,0.0,경기도 수원시,5
1446,경기도,수원남부경찰서,N,0.0,경기도 수원시,6.5
1447,경기도,수원중부경찰서,Y,1.0,경기도 수원시,7~8
1448,경기도,수원중부경찰서,N,0.0,경기도 수원시,5.5
1449,전라북도,남원경찰서,N,0.0,전라북도 남원시,
1450,전라북도,남원경찰서,N,0.0,전라북도 남원시,
1451,전라북도,남원경찰서,N,0.0,전라북도 남원시,
1452,전라북도,남원경찰서,N,0.0,전라북도 남원시,
1453,전라남도,목포경찰서,N,0.0,전라남도 목포시,8
1454,전라남도,목포경찰서,N,0.0,전라남도 목포시,12
1455,전라남도,목포경찰서,N,0.0,전라남도 목포시,12
1456,전라남도,목포경찰서,N,0.0,전라남도 목포시,10
1457,충청북도,제천경찰서,N,0.0,충청북도 제천시,
1458,충청북도,제천경찰서,N,0.0,충청북도 제천시,
1459,충청북도,제천경찰서,N,0.0,충청북도 제천시,
1460,충청북도,제천경찰서,N,0.0,충청북도 제천시,
1461,충청북도,제천경찰서,N,0.0,충청북도 제천시,
1462,충청북도,제천경찰서,N,0.0,충청북도 제천시,
1463,경기도,수원중부경찰서,N,0.0,경기도 수원시,25
1464,경기도,수원서부경찰서,Y,5.0,경기도 수원시,8
1465,경기도,수원중부경찰서,Y,4.0,경기도 수원시,18~36
1466,경기도,수원서부경찰서,Y,9.0,경기도 수원시,35
1467,경기도,수원중부경찰서,N,0.0,경기도 수원시,9
1468,경기도,수원중부경찰서,N,0.0,경기도 수원시,5~16
1469,경기도,수원서부경찰서,Y,3.0,경기도 수원시,18
1470,경기도,수원중부경찰서,N,0.0,경기도 수원시,7
1471,경기도,수원남부경찰서,Y,4.0,경기도 수원시,6
1472,경기도,수원남부경찰서,Y,1.0,경기도 수원시,17
1473,경기도,수원남부경찰서,N,0.0,경기도 수원시,16
1474,경기도,수원중부경찰서,N,0.0,경기도 수원시,10~35
1475,경기도,수원중부경찰서,N,0.0,경기도 수원시,11
1476,경기도,수원서부경찰서,N,0.0,경기도 수원시,19
1477,경기도,수원중부경찰서,N,0.0,경기도 수원시,6~7
1478,경상북도,구미경찰서,N,0.0,경상북도 구미시,
1479,경상북도,구미경찰서,Y,1.0,경상북도 구미시,
1480,경상북도,구미경찰서,N,0.0,경상북도 구미시,
1481,경상북도,구미경찰서,N,0.0,경상북도 구미시,
1482,경상북도,구미경찰서,Y,1.0,경상북도 구미시,
1483,충청남도,서산경찰서,N,0.0,충청남도 서산시,
1484,충청남도,서산경찰서,N,0.0,충청남도 서산시,
1485,충청남도,서산경찰서,N,0.0,충청남도 서산시,
1486,충청남도,서산경찰서,N,0.0,충청남도 서산시,
1487,충청남도,서산경찰서,N,0.0,충청남도 서산시,
1488,충청남도,서산경찰서,N,0.0,충청남도 서산시,
1489,충청남도,서산경찰서,N,0.0,충청남도 서산시,
1490,충청남도,서산경찰서,N,0.0,충청남도 서산시,
1491,충청남도,서산경찰서,N,0.0,충청남도 서산시,
1492,충청남도,서산경찰서,N,0.0,충청남도 서산시,
1493,충청남도,서산경찰서,N,0.0,충청남도 서산시,
1494,충청남도,서산경찰서,N,0.0,충청남도 서산시,
1495,충청남도,서산경찰서,N,0.0,충청남도 서산시,
1496,충청남도,서산경찰서,N,0.0,충청남도 서산시,
1497,충청남도,서산경찰서,N,0.0,충청남도 서산시,
1498,충청남도,서산경찰서,N,0.0,충청남도 서산시,
1499,충청남도,서산경찰서,N,0.0,충청남도 서산시,
1500,충청남도,서산경찰서,N,0.0,충청남도 서산시,
1501,충청남도,서산경찰서,N,0.0,충청남도 서산시,
1502,충청남도,서산경찰서,N,0.0,충청남도 서산시,
1503,충청남도,서산경찰서,N,0.0,충청남도 서산시,
1504,충청남도,서산경찰서,N,0.0,충청남도 서산시,
1505,충청남도,서산경찰서,N,0.0,충청남도 서산시,
1506,충청남도,서산경찰서,N,0.0,충청남도 서산시,
1507,충청남도,서산경찰서,N,0.0,충청남도 서산시,
1508,충청남도,서산경찰서,N,0.0,충청남도 서산시,
1509,충청남도,서산경찰서,N,0.0,충청남도 서산시,
1510,충청남도,서산경찰서,N,0.0,충청남도 서산시,
1511,충청남도,서산경찰서,N,0.0,충청남도 서산시,
1512,충청남도,서산경찰서,N,0.0,충청남도 서산시,
1513,충청남도,서산경찰서,N,0.0,충청남도 서산시,
1514,충청남도,서산경찰서,N,0.0,충청남도 서산시,
1515,충청남도,서산경찰서,N,0.0,충청남도 서산시,
1516,충청남도,서산경찰서,N,0.0,충청남도 서산시,
1517,충청남도,서산경찰서,N,0.0,충청남도 서산시,
1518,충청남도,서산경찰서,N,0.0,충청남도 서산시,
1519,충청남도,서산경찰서,N,0.0,충청남도 서산시,
1520,충청남도,서산경찰서,N,0.0,충청남도 서산시,
1521,충청남도,서산경찰서,N,0.0,충청남도 서산시,
1522,충청남도,서산경찰서,N,0.0,충청남도 서산시,
1523,충청남도,서산경찰서,N,0.0,충청남도 서산시,
1524,충청남도,서산경찰서,N,0.0,충청남도 서산시,
1525,충청남도,서산경찰서,Y,1.0,충청남도 서산시,
1526,충청남도,서산경찰서,Y,1.0,충청남도 서산시,
1527,충청남도,서산경찰서,N,0.0,충청남도 서산시,
1528,충청남도,서산경찰서,N,0.0,충청남도 서산시,
1529,충청남도,서산경찰서,N,0.0,충청남도 서산시,
1530,경기도,평택경찰서,N,0.0,경기도 평택시,8
1531,경기도,평택경찰서,N,0.0,경기도 평택시,5
1532,경기도,평택경찰서,N,0.0,경기도 평택시,6
1533,경기도,평택경찰서,N,0.0,경기도 평택시,5
1534,경기도,평택경찰서,N,0.0,경기도 평택시,5
1535,경기도,평택경찰서,Y,1.0,경기도 평택시,7
1536,충청남도,서산경찰서,N,0.0,충청남도 서산시,
1537,충청남도,서산경찰서,N,0.0,충청남도 서산시,
1538,충청남도,서산경찰서,N,0.0,충청남도 서산시,
1539,충청남도,서산경찰서,N,0.0,충청남도 서산시,
1540,충청남도,서산경찰서,N,0.0,충청남도 서산시,
1541,충청남도,서산경찰서,N,0.0,충청남도 서산시,
1542,충청남도,서산경찰서,N,0.0,충청남도 서산시,
1543,충청남도,서산경찰서,N,0.0,충청남도 서산시,
1544,충청남도,서산경찰서,N,0.0,충청남도 서산시,
1545,충청남도,서산경찰서,N,0.0,충청남도 서산시,
1546,충청남도,서산경찰서,N,0.0,충청남도 서산시,
1547,충청남도,서산경찰서,N,0.0,충청남도 서산시,
1548,충청남도,서산경찰서,N,0.0,충청남도 서산시,
1549,충청남도,서산경찰서,Y,1.0,충청남도 서산시,
1550,충청남도,서산경찰서,N,0.0,충청남도 서산시,
1551,충청남도,서산경찰서,N,0.0,충청남도 서산시,
1552,서울특별시,강남경찰서,Y,1.0,서울특별시 강남구,
1553,서울특별시,강남경찰서,Y,1.0,서울특별시 강남구,
1554,서울특별시,강남경찰서,Y,1.0,서울특별시 강남구,
1555,서울특별시,강남경찰서,Y,1.0,서울특별시 강남구,
1556,서울특별시,수서경찰서,Y,1.0,서울특별시 강남구,
1557,서울특별시,강남경찰서,Y,1.0,서울특별시 강남구,
1558,서울특별시,강남경찰서,Y,1.0,서울특별시 강남구,
1559,서울특별시,수서경찰서,Y,1.0,서울특별시 강남구,
1560,서울특별시,강남경찰서,Y,1.0,서울특별시 강남구,
1561,서울특별시,수서경찰서,Y,1.0,서울특별시 강남구,
1562,서울특별시,수서경찰서,Y,1.0,서울특별시 강남구,
1563,서울특별시,수서경찰서,Y,1.0,서울특별시 강남구,
1564,서울특별시,수서경찰서,N,0.0,서울특별시 강남구,
1565,서울특별시,수서경찰서,Y,1.0,서울특별시 강남구,
1566,대전광역시,대전유성경찰서,N,0.0,대전광역시 유성구,
1567,대전광역시,대전유성경찰서,N,0.0,대전광역시 유성구,
1568,대전광역시,대전유성경찰서,N,0.0,대전광역시 유성구,
1569,대전광역시,대전유성경찰서,N,0.0,대전광역시 유성구,
1570,대전광역시,대전유성경찰서,N,0.0,대전광역시 유성구,
1571,대전광역시,대전유성경찰서,N,0.0,대전광역시 유성구,
1572,대전광역시,대전유성경찰서,N,0.0,대전광역시 유성구,
1573,서울특별시,동대문경찰서,Y,1.0,서울특별시 동대문구,6
1574,서울특별시,동대문경찰서,Y,1.0,서울특별시 동대문구,6
1575,서울특별시,동대문경찰서,N,0.0,서울특별시 동대문구,6
1576,서울특별시,동대문경찰서,N,0.0,서울특별시 동대문구,20
1577,서울특별시,동대문경찰서,N,0.0,서울특별시 동대문구,7
1578,서울특별시,동대문경찰서,N,0.0,서울특별시 동대문구,20
1579,서울특별시,동대문경찰서,N,0.0,서울특별시 동대문구,6
1580,서울특별시,동대문경찰서,N,0.0,서울특별시 동대문구,6
1581,경기도,남양주남부경찰서,Y,2.0,경기도 남양주시,6
1582,경기도,남양주북부경찰서,Y,1.0,경기도 남양주시,22
1583,경기도,남양주남부경찰서,Y,1.0,경기도 남양주시,6
1584,경기도,남양주북부경찰서,N,0.0,경기도 남양주시,12
1585,경기도,남양주북부경찰서,Y,1.0,경기도 남양주시,35
1586,경기도,남양주북부경찰서,Y,1.0,경기도 남양주시,10
1587,경기도,남양주남부경찰서,Y,1.0,경기도 남양주시,8
1588,경기도,남양주남부경찰서,N,0.0,경기도 남양주시,4
1589,경기도,남양주남부경찰서,N,0.0,경기도 남양주시,8
1590,전라남도,곡성경찰서,N,0.0,전라남도 곡성군,
1591,전라남도,곡성경찰서,N,0.0,전라남도 곡성군,
1592,전라남도,곡성경찰서,N,0.0,전라남도 곡성군,
1593,대전광역시,대전유성경찰서,Y,1.0,대전광역시 유성구,
1594,대전광역시,대전유성경찰서,Y,1.0,대전광역시 유성구,
1595,경기도,김포경찰서,Y,1.0,경기도 김포시,
1596,경기도,김포경찰서,N,0.0,경기도 김포시,
1597,경기도,김포경찰서,N,0.0,경기도 김포시,
1598,경기도,김포경찰서,N,0.0,경기도 김포시,
1599,경기도,김포경찰서,N,0.0,경기도 김포시,
1600,경기도,김포경찰서,N,0.0,경기도 김포시,
1601,경기도,김포경찰서,N,0.0,경기도 김포시,
1602,경기도,김포경찰서,N,0.0,경기도 김포시,
1603,경기도,김포경찰서,N,0.0,경기도 김포시,
1604,경기도,김포경찰서,N,0.0,경기도 김포시,
1605,경기도,구리경찰서,Y,2.0,경기도 구리시,
1606,경기도,구리경찰서,Y,1.0,경기도 구리시,
1607,충청북도,옥천경찰서,N,0.0,충청북도 옥천군,5
1608,충청북도,옥천경찰서,N,0.0,충청북도 옥천군,10
1609,충청북도,옥천경찰서,N,0.0,충청북도 옥천군,10
1610,충청북도,옥천경찰서,N,0.0,충청북도 옥천군,10
1611,충청북도,옥천경찰서,N,0.0,충청북도 옥천군,10
1612,충청북도,옥천경찰서,N,0.0,충청북도 옥천군,10
1613,전라북도,정읍결찰서,Y,5.0,전라북도 정읍시,6
1614,전라북도,정읍결찰서,Y,2.0,전라북도 정읍시,8~12
1615,전라북도,정읍결찰서,Y,2.0,전라북도 정읍시,6
1616,전라북도,정읍결찰서,Y,2.0,전라북도 정읍시,6
1617,전라북도,정읍결찰서,Y,3.0,전라북도 정읍시,6
1618,전라북도,정읍결찰서,Y,2.0,전라북도 정읍시,6~8
1619,전라남도,영암경찰서,N,0.0,전라남도 영암군,6~9
1620,전라남도,영암경찰서,N,0.0,전라남도 영암군,8
1621,전라북도,순창경찰서,Y,1.0,전라북도 순창군,4
1622,강원도,인제경찰서,N,0.0,강원도 인제군,6
1623,강원도,인제경찰서,N,0.0,강원도 인제군,6
1624,강원도,인제경찰서,N,0.0,강원도 인제군,6
1625,강원도,인제경찰서,N,0.0,강원도 인제군,6
1626,강원도,인제경찰서,N,0.0,강원도 인제군,6
1627,경상남도,진주경찰서,N,0.0,경상남도 진주시,5
1628,경상남도,진주경찰서,N,0.0,경상남도 진주시,7
1629,경상남도,진주경찰서,N,0.0,경상남도 진주시,5~8
1630,경상남도,진주경찰서,N,0.0,경상남도 진주시,4~8
1631,경상남도,진주경찰서,N,0.0,경상남도 진주시,5~15
1632,경상남도,진주경찰서,N,0.0,경상남도 진주시,7
1633,경상남도,진주경찰서,N,0.0,경상남도 진주시,7
1634,경상남도,진주경찰서,N,0.0,경상남도 진주시,10~15
1635,경상남도,진주경찰서,Y,1.0,경상남도 진주시,7
1636,부산광역시,동래경찰서,Y,1.0,부산광역시 동래구,8
1637,경기도,평택경찰서,N,0.0,경기도 평택시,16
1638,경기도,평택경찰서,N,0.0,경기도 평택시,13
1639,경기도,평택경찰서,Y,1.0,경기도 평택시,6
1640,경기도,평택경찰서,Y,1.0,경기도 평택시,6
1641,경기도,평택경찰서,N,0.0,경기도 평택시,7
1642,경기도,평택경찰서,N,0.0,경기도 평택시,7
1643,경기도,평택경찰서,N,0.0,경기도 평택시,6
1644,경기도,평택경찰서,N,0.0,경기도 평택시,6
1645,경기도,평택경찰서,N,0.0,경기도 평택시,6
1646,충청남도,태안경찰서,N,0.0,충청남도 태안군,3
1647,충청남도,태안경찰서,N,0.0,충청남도 태안군,3
1648,서울특별시,강서경찰서,N,0.0,서울특별시 강서구,8
1649,서울특별시,강서경찰서,N,0.0,서울특별시 강서구,12
1650,서울특별시,강서경찰서,N,0.0,서울특별시 강서구,6
1651,서울특별시,강서경찰서,N,0.0,서울특별시 강서구,6~10
1652,서울특별시,강서경찰서,N,0.0,서울특별시 강서구,7.5~12
1653,서울특별시,강서경찰서,N,0.0,서울특별시 강서구,4~8.5
1654,서울특별시,강서경찰서,N,0.0,서울특별시 강서구,5.0~11
1655,서울특별시,강서경찰서,N,0.0,서울특별시 강서구,7.5~8
1656,서울특별시,강서경찰서,N,0.0,서울특별시 강서구,8.5~25
1657,서울특별시,강서경찰서,N,0.0,서울특별시 강서구,16
1658,서울특별시,강서경찰서,N,0.0,서울특별시 강서구,8.5~11
1659,서울특별시,강서경찰서,N,0.0,서울특별시 강서구,5~8
1660,서울특별시,강서경찰서,N,0.0,서울특별시 강서구,21
1661,서울특별시,강서경찰서,N,0.0,서울특별시 강서구,6~13
1662,서울특별시,강서경찰서,N,0.0,서울특별시 강서구,7~10
1663,충청남도,보령경찰서,Y,1.0,충청남도 보령시,20
1664,충청남도,보령경찰서,Y,1.0,충청남도 보령시,8
1665,충청남도,보령경찰서,Y,1.0,충청남도 보령시,8
1666,충청남도,보령경찰서,Y,1.0,충청남도 보령시,8
1667,충청남도,보령경찰서,Y,1.0,충청남도 보령시,8
1668,충청남도,보령경찰서,Y,1.0,충청남도 보령시,8
1669,충청남도,보령경찰서,Y,1.0,충청남도 보령시,8
1670,충청남도,보령경찰서,Y,1.0,충청남도 보령시,8
1671,경상남도,의령경찰서,N,0.0,경상남도 의령군,8
1672,경상남도,사천경찰서,N,0.0,경상남도 사천시,8
1673,경상남도,사천경찰서,N,0.0,경상남도 사천시,20
1674,경상남도,사천경찰서,N,0.0,경상남도 사천시,8
1675,경상남도,사천경찰서,N,0.0,경상남도 사천시,6
1676,강원도,원주경찰서,N,0.0,강원도 원주시,6
1677,강원도,원주경찰서,Y,2.0,강원도 원주시,40
1678,강원도,원주경찰서,N,0.0,강원도 원주시,10
1679,강원도,원주경찰서,N,0.0,강원도 원주시,9
1680,강원도,원주경찰서,Y,1.0,강원도 원주시,6
1681,강원도,원주경찰서,N,0.0,강원도 원주시,6
1682,강원도,원주경찰서,Y,1.0,강원도 원주시,10
1683,강원도,강릉경찰서,N,0.0,강원도 강릉시,8~14
1684,강원도,강릉경찰서,N,0.0,강원도 강릉시,12
1685,강원도,강릉경찰서,N,0.0,강원도 강릉시,7
1686,경상남도,김해서부경찰서,N,0.0,경상남도 김해시,
1687,경상남도,김해서부경찰서,N,0.0,경상남도 김해시,
1688,경상남도,김해중부경찰서,N,0.0,경상남도 김해시,
1689,경상남도,김해중부경찰서,Y,1.0,경상남도 김해시,
1690,경상남도,김해중부경찰서,N,0.0,경상남도 김해시,
1691,경상남도,김해서부경찰서,N,0.0,경상남도 김해시,
1692,경상남도,김해서부경찰서,N,0.0,경상남도 김해시,
1693,경기도,여주경찰서,N,0.0,경기도 여주시,6
1694,경기도,여주경찰서,Y,2.0,경기도 여주시,8
1695,경기도,여주경찰서,N,0.0,경기도 여주시,8
1696,강원도,인제경찰서,N,0.0,강원도 인제군,6
1697,강원도,인제경찰서,N,0.0,강원도 인제군,6~8
1698,경상북도,영양경찰서,N,0.0,경상북도 영양군,6
1699,경상북도,영양경찰서,N,0.0,경상북도 영양군,6
1700,경상북도,영양경찰서,N,0.0,경상북도 영양군,6
1701,경상북도,영양경찰서,Y,2.0,경상북도 영양군,6
1702,경상북도,영양경찰서,Y,1.0,경상북도 영양군,6
1703,경상북도,경산경찰서,Y,2.0,경상북도 경산시,7
1704,경상북도,경산경찰서,Y,4.0,경상북도 경산시,8
1705,경상북도,경산경찰서,N,0.0,경상북도 경산시,8
1706,경상북도,경산경찰서,N,0.0,경상북도 경산시,15
1707,경상북도,경산경찰서,N,0.0,경상북도 경산시,15
1708,경상북도,경산경찰서,N,0.0,경상북도 경산시,7
1709,경상남도,창원서부경찰서,N,0.0,경상남도 창원시,23
1710,경상남도,창원서부경찰서,N,0.0,경상남도 창원시,8
1711,경상남도,창원서부경찰서,N,0.0,경상남도 창원시,6
1712,경상남도,창원서부경찰서,N,0.0,경상남도 창원시,12
1713,경상남도,창원중부경찰서,N,0.0,경상남도 창원시,8
1714,경상남도,창원중부경찰서,N,0.0,경상남도 창원시,20~30
1715,경상남도,마산중부경찰서,Y,1.0,경상남도 창원시,30
1716,경상남도,마산중부경찰서,N,0.0,경상남도 창원시,7
1717,경상남도,마산중부경찰서,N,0.0,경상남도 창원시,18
1718,경상남도,마산동부경찰서,N,0.0,경상남도 창원시,8
1719,경상남도,창원중부경찰서,N,0.0,경상남도 창원시,9
1720,경상남도,창원중부경찰서,N,0.0,경상남도 창원시,16
1721,경상남도,창원중부경찰서,N,3.0,경상남도 창원시,7.5
1722,경상남도,의령경찰서,Y,2.0,경상남도 의령군,8
1723,경상남도,의령경찰서,N,0.0,경상남도 의령군,8
1724,경상북도,영주경찰서,N,0.0,경상북도 영주시,18
1725,경상북도,영주경찰서,Y,1.0,경상북도 영주시,18
1726,충청남도,태안경찰서,N,0.0,충청남도 태안군,3
1727,충청남도,태안경찰서,N,0.0,충청남도 태안군,3
1728,충청남도,태안경찰서,N,0.0,충청남도 태안군,3
1729,충청남도,태안경찰서,N,0.0,충청남도 태안군,3
1730,충청남도,태안경찰서,N,0.0,충청남도 태안군,3
1731,충청남도,태안경찰서,N,0.0,충청남도 태안군,3
1732,충청남도,태안경찰서,N,0.0,충청남도 태안군,3
1733,충청남도,태안경찰서,N,0.0,충청남도 태안군,3
1734,충청남도,태안경찰서,N,0.0,충청남도 태안군,3
1735,충청남도,태안경찰서,N,0.0,충청남도 태안군,3
1736,충청남도,태안경찰서,N,0.0,충청남도 태안군,3
1737,충청남도,태안경찰서,N,0.0,충청남도 태안군,3
1738,충청남도,태안경찰서,N,0.0,충청남도 태안군,3
1739,충청남도,태안경찰서,N,0.0,충청남도 태안군,3
1740,충청남도,태안경찰서,N,0.0,충청남도 태안군,3
1741,충청남도,태안경찰서,N,0.0,충청남도 태안군,3
1742,충청남도,태안경찰서,N,0.0,충청남도 태안군,3
1743,충청남도,태안경찰서,N,0.0,충청남도 태안군,3
1744,충청남도,태안경찰서,N,0.0,충청남도 태안군,3
1745,충청남도,태안경찰서,N,0.0,충청남도 태안군,3
1746,충청남도,태안경찰서,N,0.0,충청남도 태안군,3
1747,충청남도,태안경찰서,N,0.0,충청남도 태안군,3
1748,충청남도,태안경찰서,N,0.0,충청남도 태안군,3
1749,충청남도,태안경찰서,N,0.0,충청남도 태안군,3
1750,전라남도,영광경찰서,N,0.0,전라남도 영광군,14
1751,전라남도,순천경찰서,N,0.0,전라남도 순천시,15
1752,전라남도,순천경찰서,N,0.0,전라남도 순천시,8
1753,전라남도,순천경찰서,N,0.0,전라남도 순천시,8
1754,전라남도,순천경찰서,N,0.0,전라남도 순천시,15
1755,전라남도,순천경찰서,Y,1.0,전라남도 순천시,8
1756,경상남도,광도지구대,N,0.0,경상남도 통영시,6
1757,경상남도,산양파출소,N,0.0,경상남도 통영시,6
1758,경상남도,광도지구대,Y,2.0,경상남도 통영시,6
1759,대구광역시,대구동부경찰서,N,0.0,대구광역시 동구,4~8
1760,대구광역시,대구동부경찰서,N,0.0,대구광역시 동구,4~7
1761,대구광역시,대구동부경찰서,Y,2.0,대구광역시 동구,3~5
1762,대구광역시,대구동부경찰서,Y,1.0,대구광역시 동구,4~8
1763,대구광역시,대구동부경찰서,N,0.0,대구광역시 동구,8
1764,대구광역시,대구동부경찰서,N,0.0,대구광역시 동구,8~35
1765,서울특별시,서울혜화경찰서,Y,2.0,서울특별시 종로구,8~12
1766,서울특별시,서울종로경찰서,Y,5.0,서울특별시 종로구,40
1767,서울특별시,서울종로경찰서,Y,2.0,서울특별시 종로구,5~6
1768,서울특별시,서울종로경찰서,Y,1.0,서울특별시 종로구,10~12
1769,서울특별시,서울혜화경찰서,N,0.0,서울특별시 종로구,12~16
1770,서울특별시,서울종로경찰서,Y,5.0,서울특별시 종로구,8
1771,충청남도,홍성경찰서,N,0.0,충청남도 홍성군,6
1772,충청남도,홍성경찰서,N,0.0,충청남도 홍성군,7
1773,충청남도,홍성경찰서,N,0.0,충청남도 홍성군,6.5
1774,충청남도,홍성경찰서,N,0.0,충청남도 홍성군,8
1775,충청남도,홍성경찰서,N,0.0,충청남도 홍성군,6.5
1776,충청남도,홍성경찰서,N,0.0,충청남도 홍성군,6.5
1777,충청남도,홍성경찰서,N,0.0,충청남도 홍성군,8
1778,충청남도,홍성경찰서,N,0.0,충청남도 홍성군,8
1779,충청남도,천안동남,N,0.0,충청남도 천안시,6
1780,충청남도,천안동남,N,0.0,충청남도 천안시,4
1781,충청남도,천안동남,N,0.0,충청남도 천안시,6~9
1782,충청남도,천안동남,N,0.0,충청남도 천안시,6
1783,충청남도,천안동남,N,0.0,충청남도 천안시,6
1784,충청남도,천안동남,N,0.0,충청남도 천안시,12
1785,충청남도,천안동남,N,0.0,충청남도 천안시,12
1786,충청남도,천안동남,N,0.0,충청남도 천안시,6
1787,충청남도,천안동남,N,0.0,충청남도 천안시,6
1788,충청남도,천안동남,N,0.0,충청남도 천안시,6
1789,충청남도,천안동남,N,0.0,충청남도 천안시,10
1790,충청남도,천안동남,Y,1.0,충청남도 천안시,6
1791,충청남도,천안동남,Y,2.0,충청남도 천안시,12
1792,충청남도,천안동남,Y,1.0,충청남도 천안시,6
1793,충청남도,천안동남,N,0.0,충청남도 천안시,6~12
1794,충청남도,천안서북,N,0.0,충청남도 천안시,6
1795,충청남도,천안서북,N,0.0,충청남도 천안시,6
1796,충청남도,천안서북,N,0.0,충청남도 천안시,6
1797,충청남도,천안서북,Y,1.0,충청남도 천안시,6
1798,충청남도,천안서북,Y,0.0,충청남도 천안시,6
1799,충청남도,천안서북,Y,1.0,충청남도 천안시,6
1800,서울특별시,구로경찰서,Y,1.0,서울특별시 구로구,13~15
1801,서울특별시,구로경찰서,Y,1.0,서울특별시 구로구,3~5
1802,서울특별시,구로경찰서,Y,1.0,서울특별시 구로구,5~7
1803,전라남도,순천경찰서,Y,2.0,전라남도 순천시,10
1804,전라남도,순천경찰서,Y,2.0,전라남도 순천시,15
1805,충청남도,천안서북,Y,1.0,충청남도 천안시,6
1806,충청남도,천안서북,Y,1.0,충청남도 천안시,6
1807,충청남도,천안서북,Y,1.0,충청남도 천안시,5
1808,충청남도,천안서북,N,0.0,충청남도 천안시,6
1809,충청남도,천안서북,N,0.0,충청남도 천안시,6
1810,충청남도,천안서북,N,0.0,충청남도 천안시,3
1811,충청남도,천안동남,N,0.0,충청남도 천안시,18
1812,충청북도,괴산경찰서,N,0.0,충청북도 증평군,7~15
1813,충청남도,홍성경찰서,N,0.0,충청남도 홍성군,8
1814,충청남도,홍성경찰서,N,0.0,충청남도 홍성군,6.5
1815,충청남도,홍성경찰서,N,0.0,충청남도 홍성군,8
1816,충청남도,홍성경찰서,N,0.0,충청남도 홍성군,6.5
1817,충청남도,홍성경찰서,N,0.0,충청남도 홍성군,8
1818,충청남도,홍성경찰서,N,0.0,충청남도 홍성군,8
1819,충청남도,홍성경찰서,N,0.0,충청남도 홍성군,6
1820,충청남도,홍성경찰서,N,0.0,충청남도 홍성군,6.5
1821,충청남도,홍성경찰서,N,0.0,충청남도 홍성군,6
1822,충청남도,홍성경찰서,N,0.0,충청남도 홍성군,8
1823,충청남도,홍성경찰서,N,0.0,충청남도 홍성군,6.5
1824,충청남도,홍성경찰서,N,0.0,충청남도 홍성군,6.5
1825,충청남도,홍성경찰서,N,0.0,충청남도 홍성군,6
1826,충청남도,홍성경찰서,N,0.0,충청남도 홍성군,8
1827,충청남도,홍성경찰서,N,0.0,충청남도 홍성군,6
1828,충청남도,홍성경찰서,N,0.0,충청남도 홍성군,6
1829,충청남도,홍성경찰서,N,0.0,충청남도 홍성군,6
1830,충청남도,홍성경찰서,N,0.0,충청남도 홍성군,8
1831,충청남도,홍성경찰서,N,0.0,충청남도 홍성군,8
1832,충청남도,홍성경찰서,N,0.0,충청남도 홍성군,6.5
1833,충청남도,금산경찰서,N,0.0,충청남도 금산군,
1834,충청남도,금산경찰서,N,0.0,충청남도 금산군,
1835,충청남도,금산경찰서,N,0.0,충청남도 금산군,
1836,충청남도,금산경찰서,N,0.0,충청남도 금산군,
1837,충청남도,금산경찰서,N,0.0,충청남도 금산군,
1838,충청남도,금산경찰서,N,0.0,충청남도 금산군,
1839,충청남도,금산경찰서,N,0.0,충청남도 금산군,
1840,충청남도,금산경찰서,N,0.0,충청남도 금산군,
1841,충청남도,금산경찰서,N,0.0,충청남도 금산군,
1842,충청남도,금산경찰서,N,0.0,충청남도 금산군,
1843,충청남도,금산경찰서,N,0.0,충청남도 금산군,
1844,충청남도,금산경찰서,N,0.0,충청남도 금산군,
1845,충청남도,금산경찰서,N,0.0,충청남도 금산군,
1846,충청남도,금산경찰서,N,0.0,충청남도 금산군,
1847,경상북도,영천경찰서,N,0.0,경상북도 영천시,7
1848,경상북도,영천경찰서,N,0.0,경상북도 영천시,7
1849,충청남도,홍성경찰서,N,0.0,충청남도 홍성군,6.5
1850,충청남도,홍성경찰서,N,0.0,충청남도 홍성군,7
1851,충청남도,홍성경찰서,N,0.0,충청남도 홍성군,6.5
1852,충청남도,홍성경찰서,N,0.0,충청남도 홍성군,6.5
1853,서울특별시,중랑경찰서,Y,3.0,서울특별시 중랑구,
1854,서울특별시,중랑경찰서,Y,3.0,서울특별시 중랑구,
1855,서울특별시,중랑경찰서,Y,3.0,서울특별시 중랑구,
1856,서울특별시,동작경찰서,N,0.0,서울특별시 동작구,
1857,서울특별시,동작경찰서,N,0.0,서울특별시 동작구,
1858,서울특별시,동작경찰서,N,0.0,서울특별시 동작구,
1859,서울특별시,동작경찰서,N,0.0,서울특별시 동작구,
1860,서울특별시,동작경찰서,N,0.0,서울특별시 동작구,
1861,서울특별시,동작경찰서,N,0.0,서울특별시 동작구,
1862,경상북도,영천경찰서,N,0.0,경상북도 영천시,7
1863,경상북도,영천경찰서,N,0.0,경상북도 영천시,7
1864,경상북도,영천경찰서,N,0.0,경상북도 영천시,7
1865,경상북도,영천경찰서,N,0.0,경상북도 영천시,7
1866,경상북도,영천경찰서,N,0.0,경상북도 영천시,7
1867,경상북도,영천경찰서,N,0.0,경상북도 영천시,7
1868,경상북도,영천경찰서,N,0.0,경상북도 영천시,7
1869,경상북도,영천경찰서,N,0.0,경상북도 영천시,7
1870,경상북도,영천경찰서,N,0.0,경상북도 영천시,7
1871,경상북도,영천경찰서,N,0.0,경상북도 영천시,7
1872,경상북도,영천경찰서,N,0.0,경상북도 영천시,7
1873,경상북도,영천경찰서,N,0.0,경상북도 영천시,7
1874,경상북도,영천경찰서,N,0.0,경상북도 영천시,7
1875,경상북도,영천경찰서,N,0.0,경상북도 영천시,7
1876,경상북도,영천경찰서,N,0.0,경상북도 영천시,7
1877,경상북도,영천경찰서,N,0.0,경상북도 영천시,7
1878,경상북도,영천경찰서,N,0.0,경상북도 영천시,7
1879,경상북도,영천경찰서,N,0.0,경상북도 영천시,7
1880,충청남도,금산경찰서,N,0.0,충청남도 금산군,
1881,충청남도,금산경찰서,N,0.0,충청남도 금산군,
1882,충청남도,금산경찰서,N,0.0,충청남도 금산군,
1883,충청남도,금산경찰서,N,0.0,충청남도 금산군,
1884,충청남도,금산경찰서,N,0.0,충청남도 금산군,
1885,충청남도,금산경찰서,N,0.0,충청남도 금산군,
1886,충청남도,금산경찰서,N,0.0,충청남도 금산군,
1887,충청남도,금산경찰서,N,0.0,충청남도 금산군,
1888,충청남도,금산경찰서,N,0.0,충청남도 금산군,
1889,충청남도,금산경찰서,N,0.0,충청남도 금산군,
1890,충청남도,금산경찰서,N,0.0,충청남도 금산군,
1891,충청남도,금산경찰서,N,0.0,충청남도 금산군,
1892,충청남도,금산경찰서,N,0.0,충청남도 금산군,
1893,충청남도,금산경찰서,N,0.0,충청남도 금산군,
1894,충청남도,금산경찰서,N,0.0,충청남도 금산군,
1895,충청남도,금산경찰서,N,0.0,충청남도 금산군,
1896,충청남도,금산경찰서,N,0.0,충청남도 금산군,
1897,충청남도,금산경찰서,N,0.0,충청남도 금산군,
1898,충청남도,금산경찰서,N,0.0,충청남도 금산군,
1899,대구광역시,북부경찰서,N,0.0,대구광역시 북구,
1900,대구광역시,북부경찰서,N,0.0,대구광역시 북구,
1901,경기도,의정부경찰서,N,0.0,경기도 의정부시,
1902,경기도,의정부경찰서,N,0.0,경기도 의정부시,
1903,경기도,의정부경찰서,N,0.0,경기도 의정부시,
1904,경기도,의정부경찰서,N,0.0,경기도 의정부시,
1905,경기도,의정부경찰서,N,0.0,경기도 의정부시,
1906,경기도,양주경찰서,N,0.0,경기도 양주시,6
1907,경기도,양주경찰서,Y,3.0,경기도 양주시,14
1908,경기도,양주경찰서,N,0.0,경기도 양주시,6
1909,경기도,양주경찰서,Y,1.0,경기도 양주시,5
1910,경기도,양주경찰서,Y,1.0,경기도 양주시,6
1911,경기도,양주경찰서,Y,1.0,경기도 양주시,6
1912,경기도,양주경찰서,N,0.0,경기도 양주시,6
1913,경기도,양주경찰서,N,0.0,경기도 양주시,3
1914,경기도,양주경찰서,N,0.0,경기도 양주시,3
1915,경기도,양주경찰서,N,0.0,경기도 양주시,3
1916,경기도,양주경찰서,N,0.0,경기도 양주시,3
1917,경기도,양주경찰서,N,0.0,경기도 양주시,3
1918,경기도,양주경찰서,N,0.0,경기도 양주시,3
1919,경기도,양주경찰서,N,0.0,경기도 양주시,6
1920,경기도,양주경찰서,N,0.0,경기도 양주시,3
1921,경기도,양주경찰서,N,0.0,경기도 양주시,3
1922,경기도,양주경찰서,N,0.0,경기도 양주시,6
1923,경기도,양주경찰서,N,0.0,경기도 양주시,6
1924,경기도,양주경찰서,N,0.0,경기도 양주시,6
1925,경기도,의왕경찰서,Y,1.0,경기도 의왕시,6
1926,경기도,의왕경찰서,Y,1.0,경기도 의왕시,12
1927,충청북도,음성경찰서,N,0.0,충청북도 음성군,7
1928,충청북도,음성경찰서,N,0.0,충청북도 음성군,7
1929,충청북도,음성경찰서,N,0.0,충청북도 음성군,7
1930,충청북도,음성경찰서,N,0.0,충청북도 음성군,7
1931,충청북도,음성경찰서,N,0.0,충청북도 음성군,7
1932,충청북도,음성경찰서,N,0.0,충청북도 음성군,7
1933,충청북도,음성경찰서,N,0.0,충청북도 음성군,7
1934,충청북도,음성경찰서,N,0.0,충청북도 음성군,7
1935,충청북도,음성경찰서,N,0.0,충청북도 음성군,7
1936,충청북도,음성경찰서,N,0.0,충청북도 음성군,7
1937,충청북도,음성경찰서,N,0.0,충청북도 음성군,7
1938,충청북도,음성경찰서,N,0.0,충청북도 음성군,7
1939,충청북도,음성경찰서,N,0.0,충청북도 음성군,7
1940,충청북도,음성경찰서,Y,1.0,충청북도 음성군,7
1941,충청북도,음성경찰서,Y,1.0,충청북도 음성군,7
1942,충청북도,음성경찰서,N,0.0,충청북도 음성군,7
1943,충청북도,음성경찰서,N,0.0,충청북도 음성군,7
1944,충청북도,음성경찰서,N,0.0,충청북도 음성군,7
1945,충청북도,음성경찰서,Y,2.0,충청북도 음성군,7
1946,충청북도,음성경찰서,N,0.0,충청북도 음성군,7
1947,충청북도,음성경찰서,Y,1.0,충청북도 음성군,7
1948,충청북도,음성경찰서,N,0.0,충청북도 음성군,7
1949,충청북도,음성경찰서,N,0.0,충청북도 음성군,7
1950,충청북도,음성경찰서,N,0.0,충청북도 음성군,7
1951,충청북도,음성경찰서,N,0.0,충청북도 음성군,7
1952,충청북도,음성경찰서,Y,1.0,충청북도 음성군,7
1953,충청북도,음성경찰서,Y,1.0,충청북도 음성군,7
1954,충청북도,음성경찰서,N,0.0,충청북도 음성군,7
1955,충청북도,음성경찰서,Y,2.0,충청북도 음성군,7
1956,충청북도,음성경찰서,Y,1.0,충청북도 음성군,7
1957,충청북도,음성경찰서,Y,2.0,충청북도 음성군,7
1958,충청북도,음성경찰서,Y,1.0,충청북도 음성군,7
1959,충청북도,음성경찰서,Y,1.0,충청북도 음성군,7
1960,충청북도,음성경찰서,N,0.0,충청북도 음성군,7
1961,충청북도,음성경찰서,Y,1.0,충청북도 음성군,7
1962,충청북도,음성경찰서,Y,1.0,충청북도 음성군,7
1963,충청북도,음성경찰서,Y,1.0,충청북도 음성군,7
1964,충청북도,음성경찰서,Y,1.0,충청북도 음성군,7
1965,충청북도,음성경찰서,Y,2.0,충청북도 음성군,7
1966,충청북도,음성경찰서,N,0.0,충청북도 음성군,7
1967,충청북도,음성경찰서,N,0.0,충청북도 음성군,7
1968,충청북도,음성경찰서,N,0.0,충청북도 음성군,7
1969,충청북도,음성경찰서,N,0.0,충청북도 음성군,7
1970,충청북도,음성경찰서,N,0.0,충청북도 음성군,7
1971,충청북도,음성경찰서,N,0.0,충청북도 음성군,7
1972,충청북도,음성경찰서,N,0.0,충청북도 음성군,7
1973,충청북도,음성경찰서,N,0.0,충청북도 음성군,7
1974,충청북도,음성경찰서,N,0.0,충청북도 음성군,7
1975,충청북도,음성경찰서,N,0.0,충청북도 음성군,7
1976,충청북도,음성경찰서,N,0.0,충청북도 음성군,7
1977,충청북도,음성경찰서,N,0.0,충청북도 음성군,7
1978,충청북도,음성경찰서,N,0.0,충청북도 음성군,7
1979,충청북도,음성경찰서,N,0.0,충청북도 음성군,7
1980,충청북도,음성경찰서,N,0.0,충청북도 음성군,7
1981,충청북도,음성경찰서,N,0.0,충청북도 음성군,7
1982,충청북도,음성경찰서,N,0.0,충청북도 음성군,7
1983,충청북도,음성경찰서,N,0.0,충청북도 음성군,7
1984,충청북도,음성경찰서,N,0.0,충청북도 음성군,7
1985,충청북도,음성경찰서,N,0.0,충청북도 음성군,7
1986,충청북도,음성경찰서,N,0.0,충청북도 음성군,7
1987,충청북도,음성경찰서,N,0.0,충청북도 음성군,7
1988,충청북도,음성경찰서,N,0.0,충청북도 음성군,7
1989,강원도,속초경찰서,N,0.0,강원도 속초시,
1990,강원도,속초경찰서,N,0.0,강원도 속초시,
1991,경상북도,문경경찰서,N,0.0,경상북도 문경시,6
1992,경상북도,문경경찰서,N,0.0,경상북도 문경시,6
1993,경상북도,문경경찰서,N,0.0,경상북도 문경시,6
1994,경상북도,문경경찰서,N,0.0,경상북도 문경시,6
1995,경상북도,문경경찰서,N,0.0,경상북도 문경시,6
1996,경상북도,문경경찰서,N,0.0,경상북도 문경시,6
1997,경상북도,문경경찰서,N,0.0,경상북도 문경시,6
1998,경상북도,문경경찰서,N,0.0,경상북도 문경시,6
1999,경상북도,문경경찰서,N,0.0,경상북도 문경시,6
2000,경상북도,문경경찰서,N,0.0,경상북도 문경시,6
2001,경상북도,문경경찰서,N,0.0,경상북도 문경시,6
2002,경상북도,문경경찰서,N,0.0,경상북도 문경시,6
2003,경상북도,문경경찰서,N,0.0,경상북도 문경시,6
2004,경상북도,문경경찰서,N,0.0,경상북도 문경시,6
2005,경상북도,문경경찰서,N,0.0,경상북도 문경시,6
2006,경상북도,문경경찰서,N,0.0,경상북도 문경시,6
2007,광주광역시,서부경찰서,Y,1.0,광주광역시 서구,
2008,광주광역시,서부경찰서,Y,1.0,광주광역시 서구,
2009,광주광역시,서부경찰서,N,0.0,광주광역시 서구,
2010,광주광역시,서부경찰서,N,0.0,광주광역시 서구,
2011,광주광역시,서부경찰서,N,0.0,광주광역시 서구,
2012,광주광역시,서부경찰서,N,0.0,광주광역시 서구,
2013,광주광역시,서부경찰서,Y,1.0,광주광역시 서구,
2014,광주광역시,서부경찰서,N,0.0,광주광역시 서구,
2015,광주광역시,서부경찰서,N,0.0,광주광역시 서구,
2016,광주광역시,서부경찰서,Y,1.0,광주광역시 서구,
2017,광주광역시,서부경찰서,N,0.0,광주광역시 서구,
2018,광주광역시,서부경찰서,N,0.0,광주광역시 서구,
2019,강원도,삼척경찰서,N,0.0,강원도 삼척시,
2020,서울특별시,마포경찰서,N,0.0,서울특별시 마포구,
2021,서울특별시,마포경찰서,N,0.0,서울특별시 마포구,
2022,서울특별시,마포경찰서,N,0.0,서울특별시 마포구,
2023,서울특별시,마포경찰서,N,0.0,서울특별시 마포구,
2024,서울특별시,마포경찰서,N,0.0,서울특별시 마포구,
2025,서울특별시,마포경찰서,N,0.0,서울특별시 마포구,
2026,강원도,춘천경찰서,N,0.0,강원도 춘천시,
2027,강원도,춘천경찰서,N,0.0,강원도 춘천시,
2028,강원도,춘천경찰서,N,0.0,강원도 춘천시,
2029,강원도,춘천경찰서,N,0.0,강원도 춘천시,
2030,강원도,춘천경찰서,N,0.0,강원도 춘천시,
2031,강원도,춘천경찰서,N,0.0,강원도 춘천시,
2032,강원도,춘천경찰서,N,0.0,강원도 춘천시,
2033,강원도,춘천경찰서,N,0.0,강원도 춘천시,
2034,강원도,춘천경찰서,N,0.0,강원도 춘천시,
2035,강원도,춘천경찰서,N,0.0,강원도 춘천시,
2036,강원도,춘천경찰서,N,0.0,강원도 춘천시,
2037,강원도,춘천경찰서,N,0.0,강원도 춘천시,
2038,강원도,춘천경찰서,N,0.0,강원도 춘천시,
2039,강원도,춘천경찰서,N,0.0,강원도 춘천시,
2040,강원도,춘천경찰서,N,0.0,강원도 춘천시,
2041,강원도,춘천경찰서,N,0.0,강원도 춘천시,
2042,강원도,춘천경찰서,N,0.0,강원도 춘천시,
2043,강원도,춘천경찰서,N,0.0,강원도 춘천시,
2044,강원도,춘천경찰서,N,0.0,강원도 춘천시,
2045,강원도,춘천경찰서,N,0.0,강원도 춘천시,
2046,강원도,춘천경찰서,N,0.0,강원도 춘천시,
2047,강원도,춘천경찰서,N,0.0,강원도 춘천시,
2048,충청남도,홍성경찰서,N,0.0,충청남도 홍성군,6
2049,인천광역시,강화경찰서,N,0.0,인천광역시 강화군,6
2050,인천광역시,강화경찰서,N,0.0,인천광역시 강화군,6
2051,인천광역시,강화경찰서,N,0.0,인천광역시 강화군,12
2052,인천광역시,강화경찰서,N,0.0,인천광역시 강화군,6
2053,인천광역시,강화경찰서,N,0.0,인천광역시 강화군,6
2054,인천광역시,강화경찰서,N,0.0,인천광역시 강화군,4
2055,인천광역시,강화경찰서,N,0.0,인천광역시 강화군,6
2056,인천광역시,강화경찰서,N,0.0,인천광역시 강화군,6
2057,충청북도,제천경찰서,N,0.0,충청북도 제천시,
2058,충청북도,제천경찰서,N,0.0,충청북도 제천시,
2059,충청북도,제천경찰서,N,0.0,충청북도 제천시,
2060,충청북도,제천경찰서,N,0.0,충청북도 제천시,
2061,충청남도,논산경찰서,N,0.0,충청남도 논산시,
2062,충청남도,논산경찰서,N,0.0,충청남도 논산시,5.7
2063,충청남도,논산경찰서,N,0.0,충청남도 논산시,
2064,충청남도,논산경찰서,N,0.0,충청남도 논산시,
2065,충청남도,논산경찰서,N,0.0,충청남도 논산시,
2066,충청남도,논산경찰서,N,0.0,충청남도 논산시,
2067,충청남도,논산경찰서,N,0.0,충청남도 논산시,
2068,충청남도,논산경찰서,N,0.0,충청남도 논산시,
2069,충청남도,논산경찰서,N,0.0,충청남도 논산시,
2070,충청남도,논산경찰서,N,0.0,충청남도 논산시,
2071,충청남도,논산경찰서,N,0.0,충청남도 논산시,
2072,충청남도,논산경찰서,N,0.0,충청남도 논산시,
2073,충청남도,논산경찰서,N,0.0,충청남도 논산시,
2074,충청남도,논산경찰서,N,0.0,충청남도 논산시,
2075,충청남도,논산경찰서,N,0.0,충청남도 논산시,
2076,충청남도,논산경찰서,N,0.0,충청남도 논산시,
2077,충청북도,제천경찰서,N,0.0,충청북도 제천시,
2078,충청북도,제천경찰서,N,0.0,충청북도 제천시,
2079,충청북도,제천경찰서,N,0.0,충청북도 제천시,
2080,충청북도,제천경찰서,N,0.0,충청북도 제천시,
2081,충청북도,제천경찰서,N,0.0,충청북도 제천시,
2082,충청북도,제천경찰서,N,0.0,충청북도 제천시,
2083,충청북도,제천경찰서,N,0.0,충청북도 제천시,
2084,충청북도,제천경찰서,N,0.0,충청북도 제천시,
2085,충청북도,제천경찰서,N,0.0,충청북도 제천시,
2086,충청북도,제천경찰서,N,0.0,충청북도 제천시,
2087,충청북도,제천경찰서,N,0.0,충청북도 제천시,
2088,부산광역시,강서경찰서,Y,1.0,부산광역시 강서구,18
2089,부산광역시,강서경찰서,Y,1.0,부산광역시 강서구,16
2090,부산광역시,강서경찰서,Y,1.0,부산광역시 강서구,10
2091,충청남도,당진경찰서,N,0.0,충청남도 당진시,
2092,충청남도,당진경찰서,N,0.0,충청남도 당진시,
2093,충청남도,당진경찰서,N,0.0,충청남도 당진시,
2094,충청남도,당진경찰서,N,0.0,충청남도 당진시,
2095,충청남도,당진경찰서,N,0.0,충청남도 당진시,
2096,충청남도,당진경찰서,N,0.0,충청남도 당진시,
2097,충청남도,당진경찰서,N,0.0,충청남도 당진시,
2098,충청남도,당진경찰서,N,0.0,충청남도 당진시,
2099,충청남도,당진경찰서,N,0.0,충청남도 당진시,
2100,충청남도,당진경찰서,N,0.0,충청남도 당진시,
2101,충청남도,당진경찰서,N,0.0,충청남도 당진시,
2102,충청남도,당진경찰서,N,0.0,충청남도 당진시,
2103,충청남도,당진경찰서,N,0.0,충청남도 당진시,
2104,충청남도,당진경찰서,N,0.0,충청남도 당진시,
2105,충청남도,당진경찰서,N,0.0,충청남도 당진시,
2106,충청남도,당진경찰서,N,0.0,충청남도 당진시,
2107,충청남도,논산경찰서,N,0.0,충청남도 논산시,
2108,충청남도,논산경찰서,N,0.0,충청남도 논산시,
2109,충청남도,논산경찰서,N,0.0,충청남도 논산시,
2110,충청남도,논산경찰서,N,0.0,충청남도 논산시,
2111,충청남도,당진경찰서,N,0.0,충청남도 당진시,
2112,충청남도,당진경찰서,N,0.0,충청남도 당진시,
2113,충청남도,당진경찰서,N,0.0,충청남도 당진시,
2114,충청남도,당진경찰서,N,0.0,충청남도 당진시,
2115,충청남도,당진경찰서,N,0.0,충청남도 당진시,
2116,충청남도,당진경찰서,N,0.0,충청남도 당진시,
2117,충청남도,당진경찰서,N,0.0,충청남도 당진시,
2118,충청남도,당진경찰서,N,0.0,충청남도 당진시,
2119,충청남도,당진경찰서,N,0.0,충청남도 당진시,
2120,충청남도,당진경찰서,N,0.0,충청남도 당진시,
2121,충청남도,당진경찰서,N,0.0,충청남도 당진시,
2122,충청남도,당진경찰서,N,0.0,충청남도 당진시,
2123,충청남도,당진경찰서,N,0.0,충청남도 당진시,
2124,충청남도,당진경찰서,N,0.0,충청남도 당진시,
2125,충청남도,당진경찰서,N,0.0,충청남도 당진시,
2126,충청남도,당진경찰서,N,0.0,충청남도 당진시,
2127,충청남도,당진경찰서,N,0.0,충청남도 당진시,
2128,충청남도,당진경찰서,N,0.0,충청남도 당진시,
2129,충청남도,당진경찰서,N,0.0,충청남도 당진시,
2130,충청남도,당진경찰서,N,0.0,충청남도 당진시,
2131,충청남도,당진경찰서,N,0.0,충청남도 당진시,
2132,충청남도,당진경찰서,N,0.0,충청남도 당진시,
2133,충청남도,당진경찰서,N,0.0,충청남도 당진시,
2134,충청남도,당진경찰서,N,0.0,충청남도 당진시,
2135,충청남도,당진경찰서,N,0.0,충청남도 당진시,
2136,충청남도,당진경찰서,N,0.0,충청남도 당진시,
2137,충청남도,당진경찰서,N,0.0,충청남도 당진시,
2138,충청남도,당진경찰서,N,0.0,충청남도 당진시,
2139,충청남도,당진경찰서,N,0.0,충청남도 당진시,
2140,충청남도,당진경찰서,N,0.0,충청남도 당진시,
2141,충청남도,당진경찰서,N,0.0,충청남도 당진시,
2142,충청남도,당진경찰서,N,0.0,충청남도 당진시,
2143,충청남도,당진경찰서,N,0.0,충청남도 당진시,
2144,충청남도,당진경찰서,N,0.0,충청남도 당진시,
2145,충청남도,당진경찰서,N,0.0,충청남도 당진시,
2146,충청남도,당진경찰서,N,0.0,충청남도 당진시,
2147,충청남도,당진경찰서,N,0.0,충청남도 당진시,
2148,충청남도,당진경찰서,N,0.0,충청남도 당진시,
2149,경기도,가평경찰서,N,0.0,경기도 가평군,
2150,경기도,가평경찰서,N,0.0,경기도 가평군,
2151,경기도,가평경찰서,N,0.0,경기도 가평군,
2152,경기도,가평경찰서,N,0.0,경기도 가평군,
2153,경기도,가평경찰서,N,0.0,경기도 가평군,
2154,경기도,가평경찰서,N,0.0,경기도 가평군,
2155,경기도,가평경찰서,N,0.0,경기도 가평군,
2156,경기도,가평경찰서,N,0.0,경기도 가평군,
2157,경기도,가평경찰서,N,0.0,경기도 가평군,
2158,경상북도,영덕경찰서,N,0.0,경상북도 영덕군,10
2159,경상북도,영덕경찰서,N,0.0,경상북도 영덕군,8.4
2160,경상북도,영덕경찰서,N,0.0,경상북도 영덕군,5
2161,전라북도,군산경찰서,N,0.0,전라북도 군산시,6
2162,전라북도,군산경찰서,N,0.0,전라북도 군산시,6
2163,전라북도,군산경찰서,N,0.0,전라북도 군산시,6
2164,전라북도,군산경찰서,N,0.0,전라북도 군산시,6
2165,전라북도,군산경찰서,N,0.0,전라북도 군산시,6
2166,전라북도,군산경찰서,N,0.0,전라북도 군산시,6
2167,전라북도,군산경찰서,N,0.0,전라북도 군산시,6
2168,전라북도,군산경찰서,N,0.0,전라북도 군산시,6
2169,전라북도,군산경찰서,N,0.0,전라북도 군산시,6
2170,전라북도,군산경찰서,Y,2.0,전라북도 군산시,18
2171,전라북도,군산경찰서,N,0.0,전라북도 군산시,6
2172,충청남도,당진경찰서,N,0.0,충청남도 당진시,
2173,충청남도,당진경찰서,N,0.0,충청남도 당진시,
2174,충청남도,당진경찰서,N,0.0,충청남도 당진시,
2175,충청남도,당진경찰서,N,0.0,충청남도 당진시,
2176,충청남도,당진경찰서,N,0.0,충청남도 당진시,
2177,경기도,가평경찰서,N,0.0,경기도 가평군,
2178,경기도,가평경찰서,N,0.0,경기도 가평군,
2179,경기도,가평경찰서,N,0.0,경기도 가평군,
2180,경기도,가평경찰서,N,0.0,경기도 가평군,
2181,경기도,가평경찰서,N,0.0,경기도 가평군,
2182,경기도,가평경찰서,N,0.0,경기도 가평군,
2183,경기도,가평경찰서,N,0.0,경기도 가평군,
2184,경기도,가평경찰서,N,0.0,경기도 가평군,
2185,경기도,가평경찰서,N,0.0,경기도 가평군,
2186,충청남도,보령경찰서,N,0.0,충청남도 보령시,8
2187,충청남도,보령경찰서,N,0.0,충청남도 보령시,8
2188,충청남도,보령경찰서,N,0.0,충청남도 보령시,8
2189,충청남도,보령경찰서,N,0.0,충청남도 보령시,8
2190,충청남도,보령경찰서,N,0.0,충청남도 보령시,8
2191,충청남도,보령경찰서,N,0.0,충청남도 보령시,8
2192,충청남도,보령경찰서,N,0.0,충청남도 보령시,8
2193,충청남도,보령경찰서,N,0.0,충청남도 보령시,8
2194,충청남도,보령경찰서,N,0.0,충청남도 보령시,8
2195,충청남도,보령경찰서,N,0.0,충청남도 보령시,8
2196,충청남도,보령경찰서,N,0.0,충청남도 보령시,8
2197,충청남도,보령경찰서,N,0.0,충청남도 보령시,8
2198,충청남도,보령경찰서,N,0.0,충청남도 보령시,8
2199,충청남도,보령경찰서,N,0.0,충청남도 보령시,8
2200,충청남도,보령경찰서,N,0.0,충청남도 보령시,8
2201,충청남도,보령경찰서,N,0.0,충청남도 보령시,8
2202,충청남도,보령경찰서,N,0.0,충청남도 보령시,8
2203,충청남도,보령경찰서,N,0.0,충청남도 보령시,8
2204,충청남도,당진경찰서,N,0.0,충청남도 당진시,
2205,충청남도,보령경찰서,Y,1.0,충청남도 보령시,8
2206,충청남도,보령경찰서,Y,1.0,충청남도 보령시,8
2207,충청남도,보령경찰서,Y,1.0,충청남도 보령시,8
2208,충청남도,보령경찰서,Y,1.0,충청남도 보령시,8
2209,충청남도,보령경찰서,Y,1.0,충청남도 보령시,8
2210,충청남도,보령경찰서,Y,1.0,충청남도 보령시,8
2211,충청남도,보령경찰서,Y,1.0,충청남도 보령시,8
2212,충청남도,보령경찰서,Y,1.0,충청남도 보령시,8
2213,충청남도,보령경찰서,Y,1.0,충청남도 보령시,8
2214,충청남도,보령경찰서,Y,1.0,충청남도 보령시,8
2215,충청남도,보령경찰서,Y,1.0,충청남도 보령시,8
2216,충청남도,보령경찰서,Y,1.0,충청남도 보령시,8
2217,충청남도,보령경찰서,N,0.0,충청남도 보령시,8
2218,충청남도,보령경찰서,N,0.0,충청남도 보령시,8
2219,충청남도,보령경찰서,N,0.0,충청남도 보령시,8
2220,충청남도,보령경찰서,N,0.0,충청남도 보령시,8
2221,충청남도,보령경찰서,N,0.0,충청남도 보령시,8
2222,충청남도,보령경찰서,N,0.0,충청남도 보령시,8
2223,충청남도,보령경찰서,N,0.0,충청남도 보령시,8
2224,충청남도,보령경찰서,N,0.0,충청남도 보령시,8
2225,충청남도,보령경찰서,N,0.0,충청남도 보령시,8
2226,충청남도,보령경찰서,N,0.0,충청남도 보령시,8
2227,충청남도,보령경찰서,Y,1.0,충청남도 보령시,20
2228,충청남도,보령경찰서,N,0.0,충청남도 보령시,8
2229,충청남도,보령경찰서,N,0.0,충청남도 보령시,8
2230,충청남도,보령경찰서,N,0.0,충청남도 보령시,8
2231,충청남도,보령경찰서,N,0.0,충청남도 보령시,8
2232,충청북도,단양경찰서,N,0.0,충청북도 단양군,8
2233,충청북도,단양경찰서,N,0.0,충청북도 단양군,8
2234,충청남도,보령경찰서,Y,1.0,충청남도 보령시,8
2235,충청남도,보령경찰서,Y,1.0,충청남도 보령시,8
2236,충청남도,보령경찰서,Y,1.0,충청남도 보령시,8
2237,충청남도,보령경찰서,Y,1.0,충청남도 보령시,8
2238,충청남도,보령경찰서,Y,1.0,충청남도 보령시,8
2239,충청남도,보령경찰서,Y,1.0,충청남도 보령시,8
2240,충청남도,보령경찰서,Y,1.0,충청남도 보령시,8
2241,충청남도,보령경찰서,Y,1.0,충청남도 보령시,8
2242,충청남도,보령경찰서,Y,1.0,충청남도 보령시,8
2243,충청남도,보령경찰서,Y,1.0,충청남도 보령시,8
2244,충청남도,보령경찰서,Y,1.0,충청남도 보령시,8
2245,충청남도,보령경찰서,Y,1.0,충청남도 보령시,8
2246,충청남도,보령경찰서,Y,1.0,충청남도 보령시,8
2247,충청남도,보령경찰서,Y,1.0,충청남도 보령시,8
2248,충청남도,보령경찰서,Y,1.0,충청남도 보령시,8
2249,충청남도,보령경찰서,Y,1.0,충청남도 보령시,8
2250,서울특별시,송파경찰서,N,0.0,서울특별시 송파구,3~4
2251,서울특별시,송파경찰서,N,0.0,서울특별시 송파구,8~12
2252,서울특별시,송파경찰서,N,0.0,서울특별시 송파구,6.3~14.8
2253,서울특별시,송파경찰서,N,0.0,서울특별시 송파구,6.3~14.8
2254,경기도,양주경찰서,Y,1.0,경기도 양주시,6
2255,경기도,양주경찰서,Y,1.0,경기도 양주시,14
2256,경기도,양주경찰서,Y,1.0,경기도 양주시,14
2257,경기도,양주경찰서,Y,1.0,경기도 양주시,8
2258,경기도,양주경찰서,Y,1.0,경기도 양주시,6
2259,경기도,양주경찰서,N,0.0,경기도 양주시,4
2260,전라북도,익산경찰서,Y,1.0,전라북도 익산시,
2261,충청남도,아산경찰서,N,0.0,충청남도 아산시,8
2262,전라북도,익산경찰서,Y,1.0,전라북도 익산시,
2263,충청북도,단양경찰서,N,0.0,충청북도 단양군,20
2264,충청북도,단양경찰서,N,0.0,충청북도 단양군,8
2265,충청북도,단양경찰서,N,0.0,충청북도 단양군,8
2266,충청북도,단양경찰서,N,0.0,충청북도 단양군,8
2267,충청북도,단양경찰서,N,0.0,충청북도 단양군,8
2268,충청북도,단양경찰서,N,0.0,충청북도 단양군,8
2269,충청북도,단양경찰서,N,0.0,충청북도 단양군,8
2270,충청북도,단양경찰서,N,0.0,충청북도 단양군,8
2271,충청북도,단양경찰서,N,0.0,충청북도 단양군,8
2272,충청북도,단양경찰서,N,0.0,충청북도 단양군,8
2273,충청북도,단양경찰서,N,0.0,충청북도 단양군,8
2274,충청북도,단양경찰서,N,0.0,충청북도 단양군,8
2275,충청북도,단양경찰서,N,0.0,충청북도 단양군,8
2276,충청북도,단양경찰서,N,0.0,충청북도 단양군,8
2277,충청북도,단양경찰서,N,0.0,충청북도 단양군,8
2278,충청북도,단양경찰서,N,0.0,충청북도 단양군,8
2279,경상북도,안동경찰서,N,0.0,경상북도 안동시,6
2280,경상북도,안동경찰서,N,0.0,경상북도 안동시,6
2281,경상북도,안동경찰서,N,0.0,경상북도 안동시,6
2282,경상북도,안동경찰서,N,0.0,경상북도 안동시,6
2283,경상북도,안동경찰서,Y,1.0,경상북도 안동시,6
2284,경상북도,안동경찰서,N,0.0,경상북도 안동시,6
2285,경상북도,안동경찰서,N,0.0,경상북도 안동시,6
2286,경상북도,안동경찰서,N,0.0,경상북도 안동시,6
2287,경상북도,안동경찰서,N,0.0,경상북도 안동시,6
2288,경상북도,영덕경찰서,N,0.0,경상북도 영덕군,6
2289,충청남도,아산경찰서,Y,1.0,충청남도 아산시,7
2290,충청남도,아산경찰서,Y,1.0,충청남도 아산시,7
2291,충청남도,아산경찰서,Y,1.0,충청남도 아산시,7
2292,충청남도,아산경찰서,N,0.0,충청남도 아산시,7
2293,충청남도,아산경찰서,N,0.0,충청남도 아산시,7
2294,충청남도,아산경찰서,Y,1.0,충청남도 아산시,7
2295,충청남도,아산경찰서,N,0.0,충청남도 아산시,16
2296,충청남도,아산경찰서,N,0.0,충청남도 아산시,7
2297,충청남도,아산경찰서,N,0.0,충청남도 아산시,12
2298,충청남도,아산경찰서,N,0.0,충청남도 아산시,7
2299,충청남도,아산경찰서,N,0.0,충청남도 아산시,12
2300,충청남도,아산경찰서,N,0.0,충청남도 아산시,5
2301,충청남도,아산경찰서,N,0.0,충청남도 아산시,8
2302,충청남도,아산경찰서,N,0.0,충청남도 아산시,7
2303,충청남도,아산경찰서,Y,1.0,충청남도 아산시,7
2304,충청남도,아산경찰서,N,0.0,충청남도 아산시,7
2305,충청남도,아산경찰서,N,0.0,충청남도 아산시,7
2306,충청남도,아산경찰서,N,0.0,충청남도 아산시,8
2307,충청남도,아산경찰서,Y,1.0,충청남도 아산시,8
2308,충청남도,아산경찰서,N,0.0,충청남도 아산시,8
2309,충청남도,아산경찰서,N,0.0,충청남도 아산시,7
2310,충청남도,아산경찰서,N,0.0,충청남도 아산시,8
2311,충청남도,아산경찰서,N,0.0,충청남도 아산시,7
2312,충청남도,아산경찰서,N,0.0,충청남도 아산시,7
2313,충청남도,아산경찰서,N,0.0,충청남도 아산시,7
2314,충청남도,아산경찰서,Y,2.0,충청남도 아산시,16
2315,충청남도,아산경찰서,N,0.0,충청남도 아산시,7
2316,충청남도,아산경찰서,N,0.0,충청남도 아산시,7
2317,충청남도,아산경찰서,N,0.0,충청남도 아산시,8
2318,충청남도,아산경찰서,Y,1.0,충청남도 아산시,8
2319,충청남도,아산경찰서,Y,1.0,충청남도 아산시,8
2320,충청남도,아산경찰서,Y,1.0,충청남도 아산시,8
2321,충청남도,아산경찰서,N,0.0,충청남도 아산시,7
2322,충청남도,아산경찰서,Y,1.0,충청남도 아산시,8
2323,충청남도,아산경찰서,N,0.0,충청남도 아산시,8
2324,충청남도,아산경찰서,N,0.0,충청남도 아산시,7
2325,충청남도,아산경찰서,N,0.0,충청남도 아산시,8
2326,충청남도,아산경찰서,N,0.0,충청남도 아산시,8
2327,충청남도,아산경찰서,N,0.0,충청남도 아산시,8
2328,충청남도,아산경찰서,N,0.0,충청남도 아산시,8
2329,충청남도,아산경찰서,N,0.0,충청남도 아산시,8
2330,충청남도,아산경찰서,N,0.0,충청남도 아산시,8
2331,충청남도,아산경찰서,N,0.0,충청남도 아산시,8
2332,충청남도,아산경찰서,N,0.0,충청남도 아산시,5
2333,충청남도,아산경찰서,N,0.0,충청남도 아산시,8
2334,충청남도,아산경찰서,N,0.0,충청남도 아산시,8
2335,충청남도,아산경찰서,N,0.0,충청남도 아산시,8
2336,충청남도,아산경찰서,N,0.0,충청남도 아산시,8
2337,충청남도,아산경찰서,N,0.0,충청남도 아산시,8
2338,충청남도,아산경찰서,N,0.0,충청남도 아산시,8
2339,충청남도,아산경찰서,Y,1.0,충청남도 아산시,8
2340,충청남도,아산경찰서,N,0.0,충청남도 아산시,8
2341,충청남도,아산경찰서,N,0.0,충청남도 아산시,8
2342,충청남도,아산경찰서,N,0.0,충청남도 아산시,8
2343,충청남도,아산경찰서,N,0.0,충청남도 아산시,25
2344,충청남도,아산경찰서,Y,1.0,충청남도 아산시,8
2345,충청남도,아산경찰서,Y,1.0,충청남도 아산시,8
2346,충청남도,아산경찰서,Y,1.0,충청남도 아산시,8
2347,충청남도,아산경찰서,Y,1.0,충청남도 아산시,8
2348,충청남도,아산경찰서,Y,1.0,충청남도 아산시,8
2349,충청남도,아산경찰서,N,0.0,충청남도 아산시,7
2350,충청남도,아산경찰서,N,0.0,충청남도 아산시,7
2351,경기도,안성경찰서,N,0.0,경기도 안성시,
2352,경기도,안성경찰서,N,0.0,경기도 안성시,
2353,경기도,안성경찰서,N,0.0,경기도 안성시,
2354,충청북도,영동경찰서,N,0.0,충청북도 영동군,6~8
2355,충청북도,영동경찰서,N,0.0,충청북도 영동군,6~8
2356,충청북도,영동경찰서,N,0.0,충청북도 영동군,6~8
2357,충청북도,영동경찰서,N,0.0,충청북도 영동군,6~8
2358,충청북도,영동경찰서,N,0.0,충청북도 영동군,6~8
2359,충청북도,영동경찰서,N,0.0,충청북도 영동군,6~8
2360,충청북도,영동경찰서,N,0.0,충청북도 영동군,6~8
2361,충청북도,영동경찰서,N,0.0,충청북도 영동군,6~8
2362,충청북도,영동경찰서,N,0.0,충청북도 영동군,6~8
2363,충청북도,영동경찰서,N,0.0,충청북도 영동군,6~8
2364,충청북도,영동경찰서,N,0.0,충청북도 영동군,6~8
2365,충청북도,영동경찰서,N,0.0,충청북도 영동군,6~8
2366,충청북도,영동경찰서,N,0.0,충청북도 영동군,6~8
2367,충청북도,영동경찰서,N,0.0,충청북도 영동군,6~8
2368,충청북도,영동경찰서,N,0.0,충청북도 영동군,6~8
2369,충청북도,영동경찰서,N,0.0,충청북도 영동군,6~8
2370,충청북도,영동경찰서,N,0.0,충청북도 영동군,6~8
2371,충청북도,영동경찰서,N,0.0,충청북도 영동군,6~8
2372,충청북도,영동경찰서,N,0.0,충청북도 영동군,6~8
2373,충청북도,영동경찰서,N,0.0,충청북도 영동군,6~8
2374,충청북도,영동경찰서,N,0.0,충청북도 영동군,6~8
2375,충청북도,영동경찰서,N,0.0,충청북도 영동군,6~8
2376,충청북도,영동경찰서,N,0.0,충청북도 영동군,6~8
2377,서울특별시,동작경찰서,N,0.0,서울특별시 동작구,
2378,서울특별시,동작경찰서,N,0.0,서울특별시 동작구,
2379,서울특별시,동작경찰서,N,0.0,서울특별시 동작구,
2380,서울특별시,송파경찰서,Y,1.0,서울특별시 송파구,10
2381,서울특별시,송파경찰서,N,0.0,서울특별시 송파구,25
2382,서울특별시,송파경찰서,Y,1.0,서울특별시 송파구,8~9
2383,서울특별시,송파경찰서,Y,2.0,서울특별시 송파구,4
2384,충청북도,영동경찰서,N,0.0,충청북도 영동군,6~8
2385,충청북도,영동경찰서,N,0.0,충청북도 영동군,6~8
2386,충청북도,영동경찰서,N,0.0,충청북도 영동군,6~8
2387,충청북도,영동경찰서,N,0.0,충청북도 영동군,6~8
2388,충청북도,영동경찰서,N,0.0,충청북도 영동군,6~8
2389,충청북도,영동경찰서,N,0.0,충청북도 영동군,6~8
2390,충청북도,영동경찰서,N,0.0,충청북도 영동군,6~8
2391,충청북도,영동경찰서,N,0.0,충청북도 영동군,6~8
2392,충청북도,영동경찰서,N,0.0,충청북도 영동군,6~8
2393,충청북도,영동경찰서,N,0.0,충청북도 영동군,6~8
2394,충청북도,영동경찰서,N,0.0,충청북도 영동군,6~8
2395,충청북도,영동경찰서,N,0.0,충청북도 영동군,6~8
2396,충청북도,영동경찰서,N,0.0,충청북도 영동군,6~8
2397,충청북도,영동경찰서,N,0.0,충청북도 영동군,6~8
2398,충청북도,괴산경찰서,N,0.0,충청북도 괴산군,
2399,충청북도,괴산경찰서,N,0.0,충청북도 괴산군,
2400,충청북도,괴산경찰서,N,0.0,충청북도 괴산군,
2401,충청북도,괴산경찰서,N,0.0,충청북도 괴산군,
2402,충청북도,괴산경찰서,N,0.0,충청북도 괴산군,
2403,충청북도,괴산경찰서,N,0.0,충청북도 괴산군,
2404,충청북도,괴산경찰서,N,0.0,충청북도 괴산군,
2405,충청북도,괴산경찰서,N,0.0,충청북도 괴산군,
2406,충청북도,괴산경찰서,N,0.0,충청북도 괴산군,
2407,충청북도,괴산경찰서,N,0.0,충청북도 괴산군,
2408,충청북도,괴산경찰서,N,0.0,충청북도 괴산군,
2409,충청북도,괴산경찰서,N,0.0,충청북도 괴산군,
2410,충청북도,괴산경찰서,N,0.0,충청북도 괴산군,
2411,충청북도,괴산경찰서,N,0.0,충청북도 괴산군,
2412,충청북도,괴산경찰서,N,0.0,충청북도 괴산군,
2413,전라남도,광양경찰서,N,0.0,전라남도 광양시,7~11
2414,경상북도,안동경찰서,N,0.0,경상북도 안동시,6
2415,경상북도,안동경찰서,N,0.0,경상북도 안동시,6
2416,경상북도,안동경찰서,N,0.0,경상북도 안동시,6
2417,경상북도,안동경찰서,Y,4.0,경상북도 안동시,6
2418,경상북도,안동경찰서,N,0.0,경상북도 안동시,6
2419,경상북도,안동경찰서,N,0.0,경상북도 안동시,6
2420,경상북도,안동경찰서,Y,3.0,경상북도 안동시,6
2421,전라남도,광양경찰서,N,0.0,전라남도 광양시,7~11
2422,충청남도,보령경찰서,Y,1.0,충청남도 보령시,8
2423,충청남도,보령경찰서,Y,1.0,충청남도 보령시,8
2424,충청남도,보령경찰서,Y,1.0,충청남도 보령시,8
2425,충청남도,보령경찰서,Y,1.0,충청남도 보령시,8
2426,충청남도,보령경찰서,Y,1.0,충청남도 보령시,8
2427,충청남도,보령경찰서,Y,1.0,충청남도 보령시,8
2428,전라남도,여수경찰서,N,0.0,전라남도 여수시,8
2429,전라남도,여수경찰서,N,0.0,전라남도 여수시,10
2430,전라남도,여수경찰서,N,0.0,전라남도 여수시,7
2431,전라남도,여수경찰서,N,0.0,전라남도 여수시,8
2432,전라남도,여수경찰서,N,0.0,전라남도 여수시,9
2433,전라남도,여수경찰서,N,0.0,전라남도 여수시,7
2434,전라남도,여수경찰서,N,0.0,전라남도 여수시,7
2435,전라남도,여수경찰서,N,0.0,전라남도 여수시,8
2436,전라남도,여수경찰서,N,0.0,전라남도 여수시,8
2437,전라남도,여수경찰서,N,0.0,전라남도 여수시,12
2438,전라남도,함평경찰서,N,0.0,전라남도 함평군,7
2439,전라남도,함평경찰서,N,0.0,전라남도 함평군,10
2440,전라남도,함평경찰서,N,0.0,전라남도 함평군,10
2441,전라남도,함평경찰서,N,0.0,전라남도 함평군,7
2442,전라남도,함평경찰서,N,0.0,전라남도 함평군,10
2443,서울특별시,은평경찰서,Y,2.0,서울특별시 은평구,6
2444,서울특별시,서부경찰서,Y,2.0,서울특별시 은평구,10
2445,서울특별시,은평경찰서,Y,1.0,서울특별시 은평구,30
2446,서울특별시,은평경찰서,Y,1.0,서울특별시 은평구,8
2447,서울특별시,서부경찰서,Y,1.0,서울특별시 은평구,12
2448,서울특별시,서부경찰서,Y,2.0,서울특별시 은평구,7
2449,서울특별시,은평경찰서,Y,1.0,서울특별시 은평구,6
2450,서울특별시,은평경찰서,Y,2.0,서울특별시 은평구,8
2451,서울특별시,은평경찰서,Y,1.0,서울특별시 은평구,8
2452,서울특별시,은평경찰서,Y,1.0,서울특별시 은평구,6
2453,경상북도,남부 경찰서,N,0.0,경상북도 포항시,
2454,경상북도,북구 경찰서,Y,1.0,경상북도 포항시,
2455,경상북도,남부 경찰서,N,0.0,경상북도 포항시,
2456,경상북도,남부 경찰서,N,0.0,경상북도 포항시,
2457,경상북도,남부 경찰서,N,0.0,경상북도 포항시,
2458,경상북도,남부 경찰서,N,0.0,경상북도 포항시,
2459,경상북도,남부 경찰서,N,0.0,경상북도 포항시,
2460,경상북도,북부 경찰서,N,0.0,경상북도 포항시,
2461,경상북도,북부 경찰서,N,0.0,경상북도 포항시,
2462,경상북도,북부 경찰서,N,0.0,경상북도 포항시,
2463,경상북도,북부 경찰서,N,0.0,경상북도 포항시,
2464,경상북도,북부 경찰서,N,0.0,경상북도 포항시,
2465,경상북도,북부 경찰서,N,0.0,경상북도 포항시,
2466,경상북도,남부 경찰서,N,0.0,경상북도 포항시,
2467,경상북도,북부 경찰서,N,0.0,경상북도 포항시,
2468,경상북도,북부 경찰서,N,0.0,경상북도 포항시,
2469,경상북도,북부 경찰서,N,0.0,경상북도 포항시,
2470,경상북도,북부 경찰서,N,0.0,경상북도 포항시,
2471,경상북도,남부 경찰서,N,0.0,경상북도 포항시,
2472,경상북도,북부 경찰서,N,0.0,경상북도 포항시,
2473,경상북도,남부 경찰서,N,0.0,경상북도 포항시,
2474,경상북도,북부 경찰서,N,0.0,경상북도 포항시,
2475,경상북도,북부 경찰서,N,0.0,경상북도 포항시,
2476,경상북도,남부 경찰서,N,0.0,경상북도 포항시,
2477,경상북도,남부 경찰서,N,0.0,경상북도 포항시,
2478,강원도,춘천경찰서,N,0.0,강원도 춘천시,
2479,충청남도,홍성경찰서,N,0.0,충청남도 홍성군,6.5
2480,충청남도,홍성경찰서,N,0.0,충청남도 홍성군,6.5
2481,충청남도,홍성경찰서,N,0.0,충청남도 홍성군,6.5
2482,충청남도,홍성경찰서,N,0.0,충청남도 홍성군,6.5
2483,충청남도,홍성경찰서,N,0.0,충청남도 홍성군,6
2484,충청남도,홍성경찰서,N,0.0,충청남도 홍성군,6.5
2485,충청남도,홍성경찰서,N,0.0,충청남도 홍성군,6.5
2486,충청북도,음성경찰서,N,0.0,충청북도 음성군,7
2487,전라남도,광양경찰서,N,0.0,전라남도 광양시,7~11
2488,전라남도,광양경찰서,N,0.0,전라남도 광양시,7~11
2489,전라남도,광양경찰서,N,0.0,전라남도 광양시,7~11
2490,서울특별시,방배경찰서,Y,1.0,서울특별시 서초구,1
2491,서울특별시,서초경찰서,Y,1.0,서울특별시 서초구,3
2492,서울특별시,서초경찰서,Y,1.0,서울특별시 서초구,4
2493,서울특별시,서초경찰서,Y,1.0,서울특별시 서초구,2
2494,서울특별시,서초경찰서,Y,1.0,서울특별시 서초구,2
2495,서울특별시,서초경찰서,Y,1.0,서울특별시 서초구,2
2496,서울특별시,서초경찰서,Y,1.0,서울특별시 서초구,1
2497,서울특별시,서초경찰서,Y,1.0,서울특별시 서초구,1
2498,서울특별시,서초경찰서,N,0.0,서울특별시 서초구,6
2499,경상북도,상주경찰서,N,0.0,경상북도 상주시,
2500,경상북도,상주경찰서,N,0.0,경상북도 상주시,
2501,경상북도,상주경찰서,N,0.0,경상북도 상주시,
2502,경상북도,상주경찰서,N,0.0,경상북도 상주시,
2503,경상북도,상주경찰서,N,0.0,경상북도 상주시,
2504,경상북도,상주경찰서,N,0.0,경상북도 상주시,
2505,경상북도,상주경찰서,N,0.0,경상북도 상주시,
2506,경상북도,상주경찰서,N,0.0,경상북도 상주시,
2507,경상북도,상주경찰서,N,0.0,경상북도 상주시,
2508,경상북도,상주경찰서,N,0.0,경상북도 상주시,
2509,경상북도,상주경찰서,N,0.0,경상북도 상주시,
2510,경상북도,상주경찰서,N,0.0,경상북도 상주시,
2511,경상북도,상주경찰서,N,0.0,경상북도 상주시,
2512,대구광역시,북부경찰서,N,0.0,대구광역시 북구,
2513,대구광역시,북부경찰서,N,0.0,대구광역시 북구,
2514,대구광역시,북부경찰서,N,0.0,대구광역시 북구,
2515,대구광역시,북부경찰서,N,0.0,대구광역시 북구,
2516,대구광역시,북부경찰서,N,0.0,대구광역시 북구,
2517,대구광역시,북부경찰서,N,0.0,대구광역시 북구,
